src,L1,camp,pair,n_win,n_ab
DS,L1-01,DPP,04-06,399,23
DS,L1-01,DPP,04-07,399,29
DS,L1-01,DPP,04-08,399,10
DS,L1-01,DPP,06-07,399,150
DS,L1-01,DPP,06-08,399,20
DS,L1-01,DPP,07-08,399,41
DS,L1-01,KMT,04-06,247,21
DS,L1-01,KMT,04-07,247,33
DS,L1-01,KMT,04-08,247,5
DS,L1-01,KMT,06-07,247,87
DS,L1-01,KMT,06-08,247,11
DS,L1-01,KMT,07-08,247,24
DS,L1-01,TPP,04-06,433,22
DS,L1-01,TPP,04-07,433,20
DS,L1-01,TPP,04-08,433,5
DS,L1-01,TPP,06-07,433,163
DS,L1-01,TPP,06-08,433,27
DS,L1-01,TPP,07-08,433,35
DS,L1-02,DPP,04-06,357,17
DS,L1-02,DPP,04-07,357,22
DS,L1-02,DPP,04-08,357,11
DS,L1-02,DPP,06-07,357,50
DS,L1-02,DPP,06-08,357,20
DS,L1-02,DPP,07-08,357,35
DS,L1-02,KMT,04-06,428,20
DS,L1-02,KMT,04-07,428,26
DS,L1-02,KMT,04-08,428,19
DS,L1-02,KMT,06-07,428,95
DS,L1-02,KMT,06-08,428,37
DS,L1-02,KMT,07-08,428,52
DS,L1-02,TPP,04-06,580,23
DS,L1-02,TPP,04-07,580,54
DS,L1-02,TPP,04-08,580,29
DS,L1-02,TPP,06-07,580,86
DS,L1-02,TPP,06-08,580,26
DS,L1-02,TPP,07-08,580,67
DS,L1-03,DPP,04-06,1188,55
DS,L1-03,DPP,04-07,1188,90
DS,L1-03,DPP,04-08,1188,48
DS,L1-03,DPP,06-07,1188,228
DS,L1-03,DPP,06-08,1188,125
DS,L1-03,DPP,07-08,1188,239
DS,L1-03,KMT,04-06,864,44
DS,L1-03,KMT,04-07,864,83
DS,L1-03,KMT,04-08,864,45
DS,L1-03,KMT,06-07,864,135
DS,L1-03,KMT,06-08,864,62
DS,L1-03,KMT,07-08,864,160
DS,L1-03,TPP,04-06,1206,62
DS,L1-03,TPP,04-07,1206,81
DS,L1-03,TPP,04-08,1206,55
DS,L1-03,TPP,06-07,1206,192
DS,L1-03,TPP,06-08,1206,120
DS,L1-03,TPP,07-08,1206,247
DS,L1-04,DPP,04-06,354,16
DS,L1-04,DPP,04-07,354,29
DS,L1-04,DPP,04-08,354,25
DS,L1-04,DPP,06-07,354,70
DS,L1-04,DPP,06-08,354,25
DS,L1-04,DPP,07-08,354,48
DS,L1-04,KMT,04-06,168,5
DS,L1-04,KMT,04-07,168,7
DS,L1-04,KMT,04-08,168,4
DS,L1-04,KMT,06-07,168,23
DS,L1-04,KMT,06-08,168,7
DS,L1-04,KMT,07-08,168,15
DS,L1-04,TPP,04-06,231,8
DS,L1-04,TPP,04-07,231,16
DS,L1-04,TPP,04-08,231,8
DS,L1-04,TPP,06-07,231,46
DS,L1-04,TPP,06-08,231,15
DS,L1-04,TPP,07-08,231,30
DS,L1-05,DPP,04-06,73,4
DS,L1-05,DPP,04-07,73,20
DS,L1-05,DPP,04-08,73,13
DS,L1-05,DPP,06-07,73,10
DS,L1-05,DPP,06-08,73,9
DS,L1-05,DPP,07-08,73,18
DS,L1-05,KMT,04-06,73,5
DS,L1-05,KMT,04-07,73,8
DS,L1-05,KMT,04-08,73,3
DS,L1-05,KMT,06-07,73,26
DS,L1-05,KMT,06-08,73,7
DS,L1-05,KMT,07-08,73,14
DS,L1-05,TPP,04-06,82,11
DS,L1-05,TPP,04-07,82,18
DS,L1-05,TPP,04-08,82,10
DS,L1-05,TPP,06-07,82,18
DS,L1-05,TPP,06-08,82,7
DS,L1-05,TPP,07-08,82,21
DS,L1-06,DPP,04-06,1715,60
DS,L1-06,DPP,04-07,1715,74
DS,L1-06,DPP,04-08,1715,77
DS,L1-06,DPP,06-07,1715,276
DS,L1-06,DPP,06-08,1715,112
DS,L1-06,DPP,07-08,1715,225
DS,L1-06,KMT,04-06,1528,52
DS,L1-06,KMT,04-07,1528,89
DS,L1-06,KMT,04-08,1528,32
DS,L1-06,KMT,06-07,1528,181
DS,L1-06,KMT,06-08,1528,46
DS,L1-06,KMT,07-08,1528,126
DS,L1-06,TPP,04-06,2449,84
DS,L1-06,TPP,04-07,2449,104
DS,L1-06,TPP,04-08,2449,62
DS,L1-06,TPP,06-07,2449,262
DS,L1-06,TPP,06-08,2449,103
DS,L1-06,TPP,07-08,2449,269
DS,L1-07,DPP,04-06,822,34
DS,L1-07,DPP,04-07,822,47
DS,L1-07,DPP,04-08,822,34
DS,L1-07,DPP,06-07,822,147
DS,L1-07,DPP,06-08,822,60
DS,L1-07,DPP,07-08,822,103
DS,L1-07,KMT,04-06,863,17
DS,L1-07,KMT,04-07,863,34
DS,L1-07,KMT,04-08,863,9
DS,L1-07,KMT,06-07,863,137
DS,L1-07,KMT,06-08,863,35
DS,L1-07,KMT,07-08,863,66
DS,L1-07,TPP,04-06,1052,38
DS,L1-07,TPP,04-07,1052,62
DS,L1-07,TPP,04-08,1052,21
DS,L1-07,TPP,06-07,1052,136
DS,L1-07,TPP,06-08,1052,48
DS,L1-07,TPP,07-08,1052,102
GPT,L1-01,DPP,04-06,399,6
GPT,L1-01,DPP,04-07,399,7
GPT,L1-01,DPP,04-08,399,4
GPT,L1-01,DPP,06-07,399,168
GPT,L1-01,DPP,06-08,399,29
GPT,L1-01,DPP,07-08,399,38
GPT,L1-01,KMT,04-06,247,7
GPT,L1-01,KMT,04-07,247,7
GPT,L1-01,KMT,04-08,247,3
GPT,L1-01,KMT,06-07,247,137
GPT,L1-01,KMT,06-08,247,16
GPT,L1-01,KMT,07-08,247,17
GPT,L1-01,TPP,04-06,433,8
GPT,L1-01,TPP,04-07,433,5
GPT,L1-01,TPP,04-08,433,1
GPT,L1-01,TPP,06-07,433,207
GPT,L1-01,TPP,06-08,433,25
GPT,L1-01,TPP,07-08,433,31
GPT,L1-02,DPP,04-06,357,11
GPT,L1-02,DPP,04-07,357,11
GPT,L1-02,DPP,04-08,357,4
GPT,L1-02,DPP,06-07,357,113
GPT,L1-02,DPP,06-08,357,32
GPT,L1-02,DPP,07-08,357,31
GPT,L1-02,KMT,04-06,428,19
GPT,L1-02,KMT,04-07,428,11
GPT,L1-02,KMT,04-08,428,12
GPT,L1-02,KMT,06-07,428,184
GPT,L1-02,KMT,06-08,428,33
GPT,L1-02,KMT,07-08,428,27
GPT,L1-02,TPP,04-06,580,26
GPT,L1-02,TPP,04-07,580,26
GPT,L1-02,TPP,04-08,580,14
GPT,L1-02,TPP,06-07,580,217
GPT,L1-02,TPP,06-08,580,44
GPT,L1-02,TPP,07-08,580,48
GPT,L1-03,DPP,04-06,1188,33
GPT,L1-03,DPP,04-07,1188,52
GPT,L1-03,DPP,04-08,1188,34
GPT,L1-03,DPP,06-07,1188,216
GPT,L1-03,DPP,06-08,1188,138
GPT,L1-03,DPP,07-08,1188,215
GPT,L1-03,KMT,04-06,864,19
GPT,L1-03,KMT,04-07,864,26
GPT,L1-03,KMT,04-08,864,26
GPT,L1-03,KMT,06-07,864,175
GPT,L1-03,KMT,06-08,864,81
GPT,L1-03,KMT,07-08,864,137
GPT,L1-03,TPP,04-06,1206,23
GPT,L1-03,TPP,04-07,1206,41
GPT,L1-03,TPP,04-08,1206,26
GPT,L1-03,TPP,06-07,1206,228
GPT,L1-03,TPP,06-08,1206,118
GPT,L1-03,TPP,07-08,1206,219
GPT,L1-04,DPP,04-06,354,19
GPT,L1-04,DPP,04-07,354,22
GPT,L1-04,DPP,04-08,354,23
GPT,L1-04,DPP,06-07,354,112
GPT,L1-04,DPP,06-08,354,34
GPT,L1-04,DPP,07-08,354,49
GPT,L1-04,KMT,04-06,168,6
GPT,L1-04,KMT,04-07,168,3
GPT,L1-04,KMT,04-08,168,3
GPT,L1-04,KMT,06-07,168,65
GPT,L1-04,KMT,06-08,168,10
GPT,L1-04,KMT,07-08,168,9
GPT,L1-04,TPP,04-06,231,4
GPT,L1-04,TPP,04-07,231,9
GPT,L1-04,TPP,04-08,231,6
GPT,L1-04,TPP,06-07,231,84
GPT,L1-04,TPP,06-08,231,18
GPT,L1-04,TPP,07-08,231,31
GPT,L1-05,DPP,04-06,73,9
GPT,L1-05,DPP,04-07,73,9
GPT,L1-05,DPP,04-08,73,7
GPT,L1-05,DPP,06-07,73,33
GPT,L1-05,DPP,06-08,73,14
GPT,L1-05,DPP,07-08,73,19
GPT,L1-05,KMT,04-06,73,4
GPT,L1-05,KMT,04-07,73,3
GPT,L1-05,KMT,04-08,73,4
GPT,L1-05,KMT,06-07,73,48
GPT,L1-05,KMT,06-08,73,11
GPT,L1-05,KMT,07-08,73,9
GPT,L1-05,TPP,04-06,82,8
GPT,L1-05,TPP,04-07,82,9
GPT,L1-05,TPP,04-08,82,6
GPT,L1-05,TPP,06-07,82,40
GPT,L1-05,TPP,06-08,82,12
GPT,L1-05,TPP,07-08,82,16
GPT,L1-06,DPP,04-06,1715,41
GPT,L1-06,DPP,04-07,1715,41
GPT,L1-06,DPP,04-08,1715,48
GPT,L1-06,DPP,06-07,1715,424
GPT,L1-06,DPP,06-08,1715,134
GPT,L1-06,DPP,07-08,1715,177
GPT,L1-06,KMT,04-06,1528,30
GPT,L1-06,KMT,04-07,1528,27
GPT,L1-06,KMT,04-08,1528,20
GPT,L1-06,KMT,06-07,1528,343
GPT,L1-06,KMT,06-08,1528,67
GPT,L1-06,KMT,07-08,1528,90
GPT,L1-06,TPP,04-06,2449,42
GPT,L1-06,TPP,04-07,2449,46
GPT,L1-06,TPP,04-08,2449,28
GPT,L1-06,TPP,06-07,2449,505
GPT,L1-06,TPP,06-08,2449,130
GPT,L1-06,TPP,07-08,2449,180
GPT,L1-07,DPP,04-06,822,18
GPT,L1-07,DPP,04-07,822,20
GPT,L1-07,DPP,04-08,822,20
GPT,L1-07,DPP,06-07,822,200
GPT,L1-07,DPP,06-08,822,70
GPT,L1-07,DPP,07-08,822,108
GPT,L1-07,KMT,04-06,863,10
GPT,L1-07,KMT,04-07,863,11
GPT,L1-07,KMT,04-08,863,4
GPT,L1-07,KMT,06-07,863,246
GPT,L1-07,KMT,06-08,863,35
GPT,L1-07,KMT,07-08,863,54
GPT,L1-07,TPP,04-06,1052,14
GPT,L1-07,TPP,04-07,1052,24
GPT,L1-07,TPP,04-08,1052,11
GPT,L1-07,TPP,06-07,1052,268
GPT,L1-07,TPP,06-08,1052,54
GPT,L1-07,TPP,07-08,1052,91
