id,candidate,party,source_type,date,sentence,L1_label_v2,L2_labels
9001,—,ARB,l207_arbitration,—,"【本題判定標籤：L2-07 凝聚與願景動員 — 使用 v11 定義，非側欄 codebook 顯示的 v10 版本】
核心判準：這句話是否承載「方向性、未來性或行動指向」？不限顯性呼籲詞——政策意願（「政府應該/必須」「持續推動」）、未來願景（「成為...」「打造...」）、集體行動事件報導、批評隱含的反向期待，皆可觸發。純事實陳述/無方向性報導→不標；主權宣示無行動指向→屬L2-01；純成就數字無行動指向→屬L2-06；民主價值定義無動員→屬L2-08。完整定義見專案 INSTRUCTIONS.md。

⟪前句·僅供語境⟫
柯文哲帶立委參選人拉抬聲量 批藍綠本一家 2023/12/2 16:28 (12/2 16:57 更新) (中央社記者吳昇鴻新北2日電)2024年大選升溫,民眾黨總統參選人柯文哲今天扮演「母雞」帶著「小雞」拉抬聲勢,他批評,國民黨只攻擊他,不攻擊民進黨總統參選人賴清德,因為「藍綠本來就一家」,民進黨吃肉,國民黨多少可以分到骨頭啃,變成共犯結構。

▶▶ 待判句 ▶▶
柯文哲上午與民眾黨立委張其祿在木新市場掃街拜票,下午出席民眾黨立委邱臣遠中和聯合競選總部成立大會,民眾黨副總統參選人吳欣盈也與會。

⟪後句·僅供語境⟫
柯文哲到場致詞時表示,新北立委中和選區三腳督,民進黨立委參選人吳崢空降、國民黨立委參選人張智倫是政二代,只有邱臣遠有政見與資歷,中和就像台灣政壇縮影,民進黨代表執政黨,國民黨代表過去勢力,只有民眾黨是未來希望。

請在下方「L2 子框架」勾選是否含 L2-07（可一併勾其他 L2，但本輪重點只看 L2-07）。L1 主框架本輪不計分，可任選。",,
9002,—,ARB,l207_arbitration,—,"【本題判定標籤：L2-07 凝聚與願景動員 — 使用 v11 定義，非側欄 codebook 顯示的 v10 版本】
核心判準：這句話是否承載「方向性、未來性或行動指向」？不限顯性呼籲詞——政策意願（「政府應該/必須」「持續推動」）、未來願景（「成為...」「打造...」）、集體行動事件報導、批評隱含的反向期待，皆可觸發。純事實陳述/無方向性報導→不標；主權宣示無行動指向→屬L2-01；純成就數字無行動指向→屬L2-06；民主價值定義無動員→屬L2-08。完整定義見專案 INSTRUCTIONS.md。

▶▶ 待判句 ▶▶
(12/24 14:47 更新) (中央社記者林巧璉高雄23日電)民眾黨總統候選人柯文哲今天出席高雄岡山「齊聚高雄挺柯P」造勢活動,主辦單位宣稱現場超過4萬人。

⟪後句·僅供語境⟫
柯文哲晚間8點25分左右抵達岡山河華路現場,大進場花了近20分鐘,一路與支持者擊掌、握手,現場支持者熱烈歡迎高喊「總統好」、「阿北我愛你」等不絕於耳。

請在下方「L2 子框架」勾選是否含 L2-07（可一併勾其他 L2，但本輪重點只看 L2-07）。L1 主框架本輪不計分，可任選。",,
9003,—,ARB,l207_arbitration,—,"【本題判定標籤：L2-07 凝聚與願景動員 — 使用 v11 定義，非側欄 codebook 顯示的 v10 版本】
核心判準：這句話是否承載「方向性、未來性或行動指向」？不限顯性呼籲詞——政策意願（「政府應該/必須」「持續推動」）、未來願景（「成為...」「打造...」）、集體行動事件報導、批評隱含的反向期待，皆可觸發。純事實陳述/無方向性報導→不標；主權宣示無行動指向→屬L2-01；純成就數字無行動指向→屬L2-06；民主價值定義無動員→屬L2-08。完整定義見專案 INSTRUCTIONS.md。

⟪前句·僅供語境⟫
他分析,台灣總統大選是「親中乞和、謀統一」及「親美日抗中保台」這兩股力量在競爭,即使這兩股勢力的支持度各占5成,他也不相信有5成的台灣人願意接受中共統治。

▶▶ 待判句 ▶▶
他指出,從目前已表態或有意參選2024年總統大選的4人來看,只有賴清德有總統的樣子,其他3人沒有總統樣,只會說「下架民進黨」,卻提不出具體的治國願景。

⟪後句·僅供語境⟫
有關台灣的安全議題,余宗基在演講表示,此次訪日也拜會了日本的多位退將,他發現除了大家討論的「台灣有事即日本有事」,日方也慢慢地建立起「日本有事即台灣有事」的概念。

請在下方「L2 子框架」勾選是否含 L2-07（可一併勾其他 L2，但本輪重點只看 L2-07）。L1 主框架本輪不計分，可任選。",,
9004,—,ARB,l207_arbitration,—,"【本題判定標籤：L2-07 凝聚與願景動員 — 使用 v11 定義，非側欄 codebook 顯示的 v10 版本】
核心判準：這句話是否承載「方向性、未來性或行動指向」？不限顯性呼籲詞——政策意願（「政府應該/必須」「持續推動」）、未來願景（「成為...」「打造...」）、集體行動事件報導、批評隱含的反向期待，皆可觸發。純事實陳述/無方向性報導→不標；主權宣示無行動指向→屬L2-01；純成就數字無行動指向→屬L2-06；民主價值定義無動員→屬L2-08。完整定義見專案 INSTRUCTIONS.md。

⟪前句·僅供語境⟫
另一方面,應推動勞、資、政3方共同負擔的長照保險,確保勞工退休生活。

▶▶ 待判句 ▶▶
政府也要適度開放移工,採類別總量管制,並強化國對國直聘,增設培訓機構、放寬移工自由轉換、縮短雇主等待期。

⟪後句·僅供語境⟫
媒體詢問如何看待網路流傳政府可能引進10萬名印度移工。

請在下方「L2 子框架」勾選是否含 L2-07（可一併勾其他 L2，但本輪重點只看 L2-07）。L1 主框架本輪不計分，可任選。",,
9005,—,ARB,l207_arbitration,—,"【本題判定標籤：L2-07 凝聚與願景動員 — 使用 v11 定義，非側欄 codebook 顯示的 v10 版本】
核心判準：這句話是否承載「方向性、未來性或行動指向」？不限顯性呼籲詞——政策意願（「政府應該/必須」「持續推動」）、未來願景（「成為...」「打造...」）、集體行動事件報導、批評隱含的反向期待，皆可觸發。純事實陳述/無方向性報導→不標；主權宣示無行動指向→屬L2-01；純成就數字無行動指向→屬L2-06；民主價值定義無動員→屬L2-08。完整定義見專案 INSTRUCTIONS.md。

⟪前句·僅供語境⟫
侯友宜也說,減稅加薪到底有沒有用是良性循環問題,政府要便民、利民、愛民,便民是要給企業方便,政府效能是決定企業是否賺錢的關鍵,政府要鬆綁法令,協助企業跟國際接軌,並大力開放全球佈局,打開區域經濟貿易,企業賺錢來為員工加薪,會比政府訂定差額稅率更有效果。

▶▶ 待判句 ▶▶
侯友宜表示,目前勞保投資基金報酬率不夠好,整個委外制度要大幅改變,應參考績優國外大型基金投資方式,優化勞保基金投資方式,且必須公開透明,確保有一定的投資報酬率,才能照顧好勞工。

⟪後句·僅供語境⟫
侯友宜表示,利民是指政府不能只考慮自己稅收問題,而是要想政府少賺一點、讓企業多賺些並回饋給勞工。

請在下方「L2 子框架」勾選是否含 L2-07（可一併勾其他 L2，但本輪重點只看 L2-07）。L1 主框架本輪不計分，可任選。",,
9006,—,ARB,l207_arbitration,—,"【本題判定標籤：L2-07 凝聚與願景動員 — 使用 v11 定義，非側欄 codebook 顯示的 v10 版本】
核心判準：這句話是否承載「方向性、未來性或行動指向」？不限顯性呼籲詞——政策意願（「政府應該/必須」「持續推動」）、未來願景（「成為...」「打造...」）、集體行動事件報導、批評隱含的反向期待，皆可觸發。純事實陳述/無方向性報導→不標；主權宣示無行動指向→屬L2-01；純成就數字無行動指向→屬L2-06；民主價值定義無動員→屬L2-08。完整定義見專案 INSTRUCTIONS.md。

⟪前句·僅供語境⟫
第三輪政見發表,賴清德要求對手「不要傻傻的跟著中國定義台獨,也不要跟著中國一直檢討受害的台灣。」 他向侯柯表示,「在中國的眼中,我們3人站在這裡參選總統通通都是台獨,你們接不接受?如果你們接受這就是台獨,難不成你們是在選特首?」 賴清德細數8年執政成績,他說,「如果8年前是其他路線贏得選舉,那經過8年來的國內外挑戰,台灣會變成什麼樣子?」 政見會後,媒體提問,網友認為賴清德口才氣勢比另外兩位要好。

▶▶ 待判句 ▶▶
他並向內政部、地方政府喊話說,全國有32公頃、上面有成千上萬的礦工住戶,這些都需要幫忙。

⟪後句·僅供語境⟫
賴清德還說,他在政見會邀請侯柯分別把房子跟土地也交付公益信託,但他們沒有回答他,「也許記者可以去問他們,為什麼沒有回答我的問題」。

請在下方「L2 子框架」勾選是否含 L2-07（可一併勾其他 L2，但本輪重點只看 L2-07）。L1 主框架本輪不計分，可任選。",,
9007,—,ARB,l207_arbitration,—,"【本題判定標籤：L2-07 凝聚與願景動員 — 使用 v11 定義，非側欄 codebook 顯示的 v10 版本】
核心判準：這句話是否承載「方向性、未來性或行動指向」？不限顯性呼籲詞——政策意願（「政府應該/必須」「持續推動」）、未來願景（「成為...」「打造...」）、集體行動事件報導、批評隱含的反向期待，皆可觸發。純事實陳述/無方向性報導→不標；主權宣示無行動指向→屬L2-01；純成就數字無行動指向→屬L2-06；民主價值定義無動員→屬L2-08。完整定義見專案 INSTRUCTIONS.md。

⟪前句·僅供語境⟫
副總統賴清德上午在總統府接見中華民國診所協會全國聯合會重要幹部致詞表示,很高興與大家在總統府見面,代表總統蔡英文感謝大家的辛勞,不管是平常在第一線守護民眾的健康,或者在疫情期間站在第一線協助政府防疫,這樣繁重的工作,大家都一肩扛起,也在全國民眾共同團結之下,走過了疫情。

▶▶ 待判句 ▶▶
賴副總統表示,未來挑戰仍多,還有許許多多問題亟待克服;

⟪後句·僅供語境⟫
賴副總統指出,健保法從民國84年開始,已經將近30年,發揮了非常大的功能,除了提供全民納保、醫師在這個制度之下守護民眾與健康服務以外,其實還有一個很重大的社會功能,在過去沒有健保制度的時代,醫療支出常常是一個家庭突然之間非常大量的支出。

請在下方「L2 子框架」勾選是否含 L2-07（可一併勾其他 L2，但本輪重點只看 L2-07）。L1 主框架本輪不計分，可任選。",,
9008,—,ARB,l207_arbitration,—,"【本題判定標籤：L2-07 凝聚與願景動員 — 使用 v11 定義，非側欄 codebook 顯示的 v10 版本】
核心判準：這句話是否承載「方向性、未來性或行動指向」？不限顯性呼籲詞——政策意願（「政府應該/必須」「持續推動」）、未來願景（「成為...」「打造...」）、集體行動事件報導、批評隱含的反向期待，皆可觸發。純事實陳述/無方向性報導→不標；主權宣示無行動指向→屬L2-01；純成就數字無行動指向→屬L2-06；民主價值定義無動員→屬L2-08。完整定義見專案 INSTRUCTIONS.md。

⟪前句·僅供語境⟫
副總統認為,社會上有許多身心障礙者,但有「愛」,就能讓障礙者無「礙」,這是大家共同努力的成果。

▶▶ 待判句 ▶▶
談及政府為身心障礙者所做的努力,副總統指出,為照顧身心障礙者,政府致力建置更完善的制度來減輕身心障礙者家庭的負擔。

⟪後句·僅供語境⟫
賴副總統說,行政院已通過「身心障礙照顧服務布建計畫」,預計於113年至117年間,在5年內投入480億餘元預算,增加1355名社工,增設身心障礙家庭照顧服務據點至200處、社區居住及日間照顧據點至1812處,可增加服務1萬4572人。

請在下方「L2 子框架」勾選是否含 L2-07（可一併勾其他 L2，但本輪重點只看 L2-07）。L1 主框架本輪不計分，可任選。",,
9009,—,ARB,l207_arbitration,—,"【本題判定標籤：L2-07 凝聚與願景動員 — 使用 v11 定義，非側欄 codebook 顯示的 v10 版本】
核心判準：這句話是否承載「方向性、未來性或行動指向」？不限顯性呼籲詞——政策意願（「政府應該/必須」「持續推動」）、未來願景（「成為...」「打造...」）、集體行動事件報導、批評隱含的反向期待，皆可觸發。純事實陳述/無方向性報導→不標；主權宣示無行動指向→屬L2-01；純成就數字無行動指向→屬L2-06；民主價值定義無動員→屬L2-08。完整定義見專案 INSTRUCTIONS.md。

▶▶ 待判句 ▶▶
(12/13 15:00 更新) (中央社記者郭建伸台北13日電)民眾黨總統參選人柯文哲在民調中受到較多年輕人青睞,民眾黨這次選戰也充分運用新媒體,在YouTube、臉書等社群平台宣傳,加上YouTuber協助直播街講,線上線下串連,期盼突破同溫層。

⟪後句·僅供語境⟫
柯文哲賴清德侯友宜拚2024總統大選 7大政見比一比 選票流向攸關勝負 年輕人擺脫意識型態看政見投票 民眾黨發言人李頂立表示,抗中保台、統獨議題左右選舉的力道,已經逐年減弱,今年大選主軸也與4年前、8年前完全不同,年輕人與中間選民在意的是民生議題,包含低薪、高房價、產業缺工、勞保,能務實解決民生問題的總統參選人,最後才有可能出線。

請在下方「L2 子框架」勾選是否含 L2-07（可一併勾其他 L2，但本輪重點只看 L2-07）。L1 主框架本輪不計分，可任選。",,
9010,—,ARB,l207_arbitration,—,"【本題判定標籤：L2-07 凝聚與願景動員 — 使用 v11 定義，非側欄 codebook 顯示的 v10 版本】
核心判準：這句話是否承載「方向性、未來性或行動指向」？不限顯性呼籲詞——政策意願（「政府應該/必須」「持續推動」）、未來願景（「成為...」「打造...」）、集體行動事件報導、批評隱含的反向期待，皆可觸發。純事實陳述/無方向性報導→不標；主權宣示無行動指向→屬L2-01；純成就數字無行動指向→屬L2-06；民主價值定義無動員→屬L2-08。完整定義見專案 INSTRUCTIONS.md。

⟪前句·僅供語境⟫
如今戰貓的性格,成了蕭美琴與國際友人往來互動時的代表性精神。

▶▶ 待判句 ▶▶
賴清德競選總部發言人郭雅慧表示,期待透過「Bi-khim 戰貓喵喵喵」的全新系列節目,讓大眾能看到蕭美琴平時鮮少透露的面向,未來也預計會陸續推出其他集數,讓民眾能更直接、全面地認識蕭美琴。

請在下方「L2 子框架」勾選是否含 L2-07（可一併勾其他 L2，但本輪重點只看 L2-07）。L1 主框架本輪不計分，可任選。",,
9011,—,ARB,l207_arbitration,—,"【本題判定標籤：L2-07 凝聚與願景動員 — 使用 v11 定義，非側欄 codebook 顯示的 v10 版本】
核心判準：這句話是否承載「方向性、未來性或行動指向」？不限顯性呼籲詞——政策意願（「政府應該/必須」「持續推動」）、未來願景（「成為...」「打造...」）、集體行動事件報導、批評隱含的反向期待，皆可觸發。純事實陳述/無方向性報導→不標；主權宣示無行動指向→屬L2-01；純成就數字無行動指向→屬L2-06；民主價值定義無動員→屬L2-08。完整定義見專案 INSTRUCTIONS.md。

⟪前句·僅供語境⟫
黃暐瀚說,他可以理解前總統馬英九返鄉祭祖時說「兩岸都是中國人」的論調,但現在生活在台灣的2300萬人,大多數都只想當個「中華民國的國民」、當「台灣人」,但對岸卻告訴全世界「台灣只是中國的一部分,是一個省,不是一個國家,世上只有一個中國,叫中華人民共和國」,台灣年輕人當然越來越不喜歡聽到「中國」,因為中國代表的是「對岸」,「中國」2字已難聯想到「中華民國」。

▶▶ 待判句 ▶▶
黃暐瀚認為,「九二共識」或許真能幫助台灣解決短期內兩岸引發戰爭的問題,但「一個中國」走到最後,台灣終究只能是「一區一省」,進而失去主權,「變成香港」,「說到戰爭,我想沒人願意,但要大家沒自由、沒尊嚴的活,很多台灣民眾,也不願意」。

請在下方「L2 子框架」勾選是否含 L2-07（可一併勾其他 L2，但本輪重點只看 L2-07）。L1 主框架本輪不計分，可任選。",,
9012,—,ARB,l207_arbitration,—,"【本題判定標籤：L2-07 凝聚與願景動員 — 使用 v11 定義，非側欄 codebook 顯示的 v10 版本】
核心判準：這句話是否承載「方向性、未來性或行動指向」？不限顯性呼籲詞——政策意願（「政府應該/必須」「持續推動」）、未來願景（「成為...」「打造...」）、集體行動事件報導、批評隱含的反向期待，皆可觸發。純事實陳述/無方向性報導→不標；主權宣示無行動指向→屬L2-01；純成就數字無行動指向→屬L2-06；民主價值定義無動員→屬L2-08。完整定義見專案 INSTRUCTIONS.md。

⟪前句·僅供語境⟫
柯文哲車隊下午在板橋掃街時,也遇到在馬路邊拜票的林國春,林國春與柯文哲先後互道「加油」。

▶▶ 待判句 ▶▶
另一方面,柯文哲車掃隊伍下午在板橋駛過縣民大道與館前西路口時,也意外與昔日「侯柯合體」的大型競選看板同框,形成意外同框的畫面。

⟪後句·僅供語境⟫
此外,柯文哲上午受訪時酸國民黨總統候選人侯友宜,車掃將防彈玻璃高度減半,從這個小動作就知道,「什麼樣的人他會去政治干擾政府的正常運作」。

請在下方「L2 子框架」勾選是否含 L2-07（可一併勾其他 L2，但本輪重點只看 L2-07）。L1 主框架本輪不計分，可任選。",,
9013,—,ARB,l207_arbitration,—,"【本題判定標籤：L2-07 凝聚與願景動員 — 使用 v11 定義，非側欄 codebook 顯示的 v10 版本】
核心判準：這句話是否承載「方向性、未來性或行動指向」？不限顯性呼籲詞——政策意願（「政府應該/必須」「持續推動」）、未來願景（「成為...」「打造...」）、集體行動事件報導、批評隱含的反向期待，皆可觸發。純事實陳述/無方向性報導→不標；主權宣示無行動指向→屬L2-01；純成就數字無行動指向→屬L2-06；民主價值定義無動員→屬L2-08。完整定義見專案 INSTRUCTIONS.md。

⟪前句·僅供語境⟫
台湾的权利并没有因此受损,蔡英文总统还以总统的身份上台,宣布四大运开幕,对等尊严为台湾争取的应有的国际能见度。

▶▶ 待判句 ▶▶
我主张未实现状,台湾自主,两岸和平,我会以务实的态度维护台湾的民主自由、华治人权。 还记得吗?

⟪後句·僅供語境⟫
2016 年蔡英文总统当选那一晚,他说,从此台湾人民不需要因为他们的认同而道歉。

請在下方「L2 子框架」勾選是否含 L2-07（可一併勾其他 L2，但本輪重點只看 L2-07）。L1 主框架本輪不計分，可任選。",,
9014,—,ARB,l207_arbitration,—,"【本題判定標籤：L2-07 凝聚與願景動員 — 使用 v11 定義，非側欄 codebook 顯示的 v10 版本】
核心判準：這句話是否承載「方向性、未來性或行動指向」？不限顯性呼籲詞——政策意願（「政府應該/必須」「持續推動」）、未來願景（「成為...」「打造...」）、集體行動事件報導、批評隱含的反向期待，皆可觸發。純事實陳述/無方向性報導→不標；主權宣示無行動指向→屬L2-01；純成就數字無行動指向→屬L2-06；民主價值定義無動員→屬L2-08。完整定義見專案 INSTRUCTIONS.md。

⟪前句·僅供語境⟫
柯文哲也提到國家今天變成這樣,「認真」是一種文化,但民進黨政府都是「炒短線」,在2000年前,台灣滿有活力,亞洲四小龍第一,但2000年後,台灣民主化與總統民選後,國家愈來愈差,愈來愈沒有力量。

▶▶ 待判句 ▶▶
柯文哲指出,問題就出在台灣沒有長期計畫,政府只有炒短線,單單以台灣在未來10年,在少子化後,台灣就有40所大學要關門,每個私立大學生給他們3萬5000元可以解決問題嗎,但對短期選票有效;

⟪後句·僅供語境⟫
其次在疫情期間,發放三倍券、五倍券、6000元,對台灣的產業結構及社會進步並無改變,但對短期選票就是有效。

請在下方「L2 子框架」勾選是否含 L2-07（可一併勾其他 L2，但本輪重點只看 L2-07）。L1 主框架本輪不計分，可任選。",,
9015,—,ARB,l207_arbitration,—,"【本題判定標籤：L2-07 凝聚與願景動員 — 使用 v11 定義，非側欄 codebook 顯示的 v10 版本】
核心判準：這句話是否承載「方向性、未來性或行動指向」？不限顯性呼籲詞——政策意願（「政府應該/必須」「持續推動」）、未來願景（「成為...」「打造...」）、集體行動事件報導、批評隱含的反向期待，皆可觸發。純事實陳述/無方向性報導→不標；主權宣示無行動指向→屬L2-01；純成就數字無行動指向→屬L2-06；民主價值定義無動員→屬L2-08。完整定義見專案 INSTRUCTIONS.md。

⟪前句·僅供語境⟫
朱立倫:已與柯文哲見面討論政黨或選舉聯盟 鬆口見過朱侯 柯文哲:選後設政黨協商委員會 不會整碗捧去 柯文哲辦公室發言人吳怡萱今天透過媒體群組表示,因為一直接到侯友宜的電話,所以民眾黨禮貌性回覆,雙方在14日藍白合會前會之前私下碰面,過程多在交流意見及想法,像是話家常。

▶▶ 待判句 ▶▶
至於這週與朱立倫的談話內容,吳怡萱指出,藍白合會前會有一個很大的共識,就是國會席次極大化,所以民眾黨跟朱立倫保持意見交流,希望爭取國民黨支持。

⟪後句·僅供語境⟫
吳怡萱說,兩位黨主席碰面是很正常的一件事情,民眾黨更希望能進一步討論未來在立委輔選上的合作方案。

請在下方「L2 子框架」勾選是否含 L2-07（可一併勾其他 L2，但本輪重點只看 L2-07）。L1 主框架本輪不計分，可任選。",,
9016,—,ARB,l207_arbitration,—,"【本題判定標籤：L2-07 凝聚與願景動員 — 使用 v11 定義，非側欄 codebook 顯示的 v10 版本】
核心判準：這句話是否承載「方向性、未來性或行動指向」？不限顯性呼籲詞——政策意願（「政府應該/必須」「持續推動」）、未來願景（「成為...」「打造...」）、集體行動事件報導、批評隱含的反向期待，皆可觸發。純事實陳述/無方向性報導→不標；主權宣示無行動指向→屬L2-01；純成就數字無行動指向→屬L2-06；民主價值定義無動員→屬L2-08。完整定義見專案 INSTRUCTIONS.md。

⟪前句·僅供語境⟫
副總統候選人將在明年元旦下午2時交鋒。

▶▶ 待判句 ▶▶
(編輯:張均懋)1121222 蕭美琴吳欣盈國籍遭疑 內政部:3組參選人都符合規定 趙少康秀辭職書:賴清德捐老家我立刻辭中廣董事長 蕭美琴:為了我們國家 我會蹽落去 趙少康:不做沒聲音副總統 該講就要講 柯文哲向財團靠攏?

⟪後句·僅供語境⟫
吳欣盈:不應用錢衡量愛國心 小笠原欣幸分析綠藍白副手加分點 蕭美琴趙少康吳欣盈各有微妙影響 總統選舉首場政見發表會 侯友宜賴清德柯文哲發言一覽 賴清德政見會拆解老家爭議 左右開攻反擊侯柯 侯友宜政見會猛攻賴清德 國台語夾雜手板助陣 柯文哲收斂攻勢 聚焦三大主題談政見 柯文哲賴清德侯友宜拚2024總統大選 7大政見比一比 吳東進:新壽立足台灣逾60年 是很不錯公司 撕掉公主標籤走入基層 吳欣盈體驗大選嘉年華氣氛 丹麥政治報關注大選:台灣人民對民主有堅定信念 賴清德:不因國會沒過半而失志 盼監督更有效率 2024/01/12 10:17 2023/12/26 09:59 2023/12/26 08:57 2023/12/22 09:54 2023/12/20 09:52 2023/12/18 17:29

請在下方「L2 子框架」勾選是否含 L2-07（可一併勾其他 L2，但本輪重點只看 L2-07）。L1 主框架本輪不計分，可任選。",,
9017,—,ARB,l207_arbitration,—,"【本題判定標籤：L2-07 凝聚與願景動員 — 使用 v11 定義，非側欄 codebook 顯示的 v10 版本】
核心判準：這句話是否承載「方向性、未來性或行動指向」？不限顯性呼籲詞——政策意願（「政府應該/必須」「持續推動」）、未來願景（「成為...」「打造...」）、集體行動事件報導、批評隱含的反向期待，皆可觸發。純事實陳述/無方向性報導→不標；主權宣示無行動指向→屬L2-01；純成就數字無行動指向→屬L2-06；民主價值定義無動員→屬L2-08。完整定義見專案 INSTRUCTIONS.md。

⟪前句·僅供語境⟫
民進黨正副總統賴清德、蕭美琴全國競選總部今天由發言人戴瑋姍、新北市議員張錦豪及顏蔚慈共同召開「包租侯帶頭炒地,國民黨最愛佔地」記者會。

▶▶ 待判句 ▶▶
張錦豪說,在侯家持有新莊復興段253地號產權已經達5/6,距離完整收購只差一步之遙的前兩日,新北市政府恰巧公告,在請假市長侯友宜指示下,未來將針對板橋、三重、新莊等9處都計區中、臨6公尺以上未達8公尺道路住宅區,有條件檢討、放寬容積率,從現行200%調高為240%。

⟪後句·僅供語境⟫
戴瑋姍說,根據新北市政府都市更新處網站資料顯示,附近有多筆復興段土地申請都更中,意味該處是建商獵地兵家必爭之地,狠狠打臉侯辦稱「該地不具都更條件」。

請在下方「L2 子框架」勾選是否含 L2-07（可一併勾其他 L2，但本輪重點只看 L2-07）。L1 主框架本輪不計分，可任選。",,
9018,—,ARB,l207_arbitration,—,"【本題判定標籤：L2-07 凝聚與願景動員 — 使用 v11 定義，非側欄 codebook 顯示的 v10 版本】
核心判準：這句話是否承載「方向性、未來性或行動指向」？不限顯性呼籲詞——政策意願（「政府應該/必須」「持續推動」）、未來願景（「成為...」「打造...」）、集體行動事件報導、批評隱含的反向期待，皆可觸發。純事實陳述/無方向性報導→不標；主權宣示無行動指向→屬L2-01；純成就數字無行動指向→屬L2-06；民主價值定義無動員→屬L2-08。完整定義見專案 INSTRUCTIONS.md。

⟪前句·僅供語境⟫
目前在國防安全研究院駐點研究的烏克蘭學者溥猷立(Yurii Poita)、曾赴烏克蘭採訪的媒體人劉致昕、烏克蘭女力在台創辦人之一譚莉亞(Mariia Tonkovyd)都出席致詞,呼籲各界持續關心支持烏克蘭。

▶▶ 待判句 ▶▶
(編輯:林克倫)1120225 影片/在台烏克蘭人慶祝獨立紀念日 盼脫離戰火「重生」 百名民眾躺自由廣場假死抗議 控俄殘殺烏克蘭平民 俄烏戰爭將屆週年 烏克蘭人約95%相信將會勝利 影片/俄烏戰爭邁入第2年 澤倫斯基誓言戰勝所有敵人 柯文哲稱克服北流難題 苗博雅:時序錯誤不老實 綠:重啟服貿如廚餘桶撈出黑心食品 台灣不走回頭路 新竹縣市電動車增 民眾盼社區充電樁法規與時俱進 柯文哲:政府撒幣成效差 道安不應只是口號願景[影] 2025/05/24 07:24 2025/05/11 12:18 2025/05/11 05:46 2025/05/03 06:43 2025/04/25 04:56 2025/04/21 13:43

請在下方「L2 子框架」勾選是否含 L2-07（可一併勾其他 L2，但本輪重點只看 L2-07）。L1 主框架本輪不計分，可任選。",,
9019,—,ARB,l207_arbitration,—,"【本題判定標籤：L2-07 凝聚與願景動員 — 使用 v11 定義，非側欄 codebook 顯示的 v10 版本】
核心判準：這句話是否承載「方向性、未來性或行動指向」？不限顯性呼籲詞——政策意願（「政府應該/必須」「持續推動」）、未來願景（「成為...」「打造...」）、集體行動事件報導、批評隱含的反向期待，皆可觸發。純事實陳述/無方向性報導→不標；主權宣示無行動指向→屬L2-01；純成就數字無行動指向→屬L2-06；民主價值定義無動員→屬L2-08。完整定義見專案 INSTRUCTIONS.md。

▶▶ 待判句 ▶▶
蕭美琴台南車掃衝刺 支持者高呼「美琴我愛你」 2024/1/10 11:36 (1/10 12:06 更新) (中央社記者張榮祥台南10日電)總統大選投票日倒數衝刺,民進黨副總統候選人蕭美琴今天在台南市新營區、善化區車掃拜票,沿途支持者熱情高喊「美琴,我愛你」,蕭美琴一再感謝選民的加油及支持。

⟪後句·僅供語境⟫
蕭美琴與台南市第1選區(後壁區、白河區、北門區、學甲區、鹽水區、新營區、柳營區、東山區、將軍區、下營區、六甲區)民進黨立委候選人賴惠員,今天上午在新營區以車隊掃街拜票。

請在下方「L2 子框架」勾選是否含 L2-07（可一併勾其他 L2，但本輪重點只看 L2-07）。L1 主框架本輪不計分，可任選。",,
9020,—,ARB,l207_arbitration,—,"【本題判定標籤：L2-07 凝聚與願景動員 — 使用 v11 定義，非側欄 codebook 顯示的 v10 版本】
核心判準：這句話是否承載「方向性、未來性或行動指向」？不限顯性呼籲詞——政策意願（「政府應該/必須」「持續推動」）、未來願景（「成為...」「打造...」）、集體行動事件報導、批評隱含的反向期待，皆可觸發。純事實陳述/無方向性報導→不標；主權宣示無行動指向→屬L2-01；純成就數字無行動指向→屬L2-06；民主價值定義無動員→屬L2-08。完整定義見專案 INSTRUCTIONS.md。

⟪前句·僅供語境⟫
賴清德昨天在總統大選第2場電視政見發表會上列舉國民黨為台灣帶來的3大禍害,其中之一就是擁抱黑金,傷害民主價值、影響社會安定,並點名雲林張家、新店羅家、台中顏家及花蓮傅家。

▶▶ 待判句 ▶▶
陪同受訪的台北市長蔣萬安表示,他看了這本書非常感動,因為他的媽媽是雲林虎尾人,對於張麗善在立委期間全力推動的「艱苦人條款(殯葬管理條例第21-1條)」及湖山水庫興建印象深刻,推薦大家可以透過這本書了解張麗善。

⟪後句·僅供語境⟫
此外,前行政院長蘇貞昌今天指出,若前總統蔣經國還在世,會被現在傾中的國民黨活活氣死。

請在下方「L2 子框架」勾選是否含 L2-07（可一併勾其他 L2，但本輪重點只看 L2-07）。L1 主框架本輪不計分，可任選。",,
9021,—,ARB,l207_arbitration,—,"【本題判定標籤：L2-07 凝聚與願景動員 — 使用 v11 定義，非側欄 codebook 顯示的 v10 版本】
核心判準：這句話是否承載「方向性、未來性或行動指向」？不限顯性呼籲詞——政策意願（「政府應該/必須」「持續推動」）、未來願景（「成為...」「打造...」）、集體行動事件報導、批評隱含的反向期待，皆可觸發。純事實陳述/無方向性報導→不標；主權宣示無行動指向→屬L2-01；純成就數字無行動指向→屬L2-06；民主價值定義無動員→屬L2-08。完整定義見專案 INSTRUCTIONS.md。

▶▶ 待判句 ▶▶
中正文教基金會董事長蔣方智怡,日前重申前總統蔣介石的反共立場,民進黨總統參選人賴清德認為,這段話國民黨應該好好反省。

⟪後句·僅供語境⟫
民進黨總統參選人賴清德在今晚播出的網路節目《REAL TALK》專訪表示,許多藍營人士不認同前總統馬英九的國家路線,蔣方智怡這段話,國民黨及社會走錯路的人應該好好反省。

請在下方「L2 子框架」勾選是否含 L2-07（可一併勾其他 L2，但本輪重點只看 L2-07）。L1 主框架本輪不計分，可任選。",,
9022,—,ARB,l207_arbitration,—,"【本題判定標籤：L2-07 凝聚與願景動員 — 使用 v11 定義，非側欄 codebook 顯示的 v10 版本】
核心判準：這句話是否承載「方向性、未來性或行動指向」？不限顯性呼籲詞——政策意願（「政府應該/必須」「持續推動」）、未來願景（「成為...」「打造...」）、集體行動事件報導、批評隱含的反向期待，皆可觸發。純事實陳述/無方向性報導→不標；主權宣示無行動指向→屬L2-01；純成就數字無行動指向→屬L2-06；民主價值定義無動員→屬L2-08。完整定義見專案 INSTRUCTIONS.md。

⟪前句·僅供語境⟫
經濟部表示,社會創新組織類型廣泛並涵蓋多元議題,我國目前已有超過841家社會創新組織、184家支持社創的產業夥伴(包括上市櫃公司等)、帶動超過2萬就業人數;

▶▶ 待判句 ▶▶
行政院會今(15)日拍板「社會創新行動方案2.0 (112-115年)」,預計112年至115年投入超過111億元,以「實踐社會價值」、「加速創新發展」、「串連多元資源」與「擴展國際影響」4大策略為主軸,建立公私民夥伴關係,強化社會創新組織自主營運發展。

請在下方「L2 子框架」勾選是否含 L2-07（可一併勾其他 L2，但本輪重點只看 L2-07）。L1 主框架本輪不計分，可任選。",,
9023,—,ARB,l207_arbitration,—,"【本題判定標籤：L2-07 凝聚與願景動員 — 使用 v11 定義，非側欄 codebook 顯示的 v10 版本】
核心判準：這句話是否承載「方向性、未來性或行動指向」？不限顯性呼籲詞——政策意願（「政府應該/必須」「持續推動」）、未來願景（「成為...」「打造...」）、集體行動事件報導、批評隱含的反向期待，皆可觸發。純事實陳述/無方向性報導→不標；主權宣示無行動指向→屬L2-01；純成就數字無行動指向→屬L2-06；民主價值定義無動員→屬L2-08。完整定義見專案 INSTRUCTIONS.md。

⟪前句·僅供語境⟫
王婉諭也指出,而非綠支持者為了反對民進黨,更走到光譜的另一段,進一步配合中國文攻武嚇,認為與其積極抵抗,不如躺平求生,不管藍白為了反對民進黨都自動站到親中的一側,違背8成的民意是認同台灣主權的事實。

▶▶ 待判句 ▶▶
王婉諭說,時代力量認為必須抵抗中國的侵略,這沒有戰略模糊的空間,因此站在同樣是民主陣營的美國合作,也多次對民眾黨主席柯文哲的「兩岸一家親」、「強國等距」、「重啟服貿」等戰略模糊、左右逢源又試圖討好兩方的態度,這是不符合現實也更顯得輕率,更危險的是會模糊台灣自主。

⟪後句·僅供語境⟫
雷震是台灣早期民主運動的代表人物之一,曾創辦《自由中國》雜誌,對蔣介石政府提出建言和批判,但遭蔣政府逮捕入獄,監禁長達10年。

請在下方「L2 子框架」勾選是否含 L2-07（可一併勾其他 L2，但本輪重點只看 L2-07）。L1 主框架本輪不計分，可任選。",,
9024,—,ARB,l207_arbitration,—,"【本題判定標籤：L2-07 凝聚與願景動員 — 使用 v11 定義，非側欄 codebook 顯示的 v10 版本】
核心判準：這句話是否承載「方向性、未來性或行動指向」？不限顯性呼籲詞——政策意願（「政府應該/必須」「持續推動」）、未來願景（「成為...」「打造...」）、集體行動事件報導、批評隱含的反向期待，皆可觸發。純事實陳述/無方向性報導→不標；主權宣示無行動指向→屬L2-01；純成就數字無行動指向→屬L2-06；民主價值定義無動員→屬L2-08。完整定義見專案 INSTRUCTIONS.md。

⟪前句·僅供語境⟫
至於侯友宜續打萬里老宅議題,賴清德表示,民眾可以這樣講,但侯友宜不行,侯友宜是地方政府首長,手上握有都市計畫檢討權力,卻從來沒提過,應該要好好了解。

▶▶ 待判句 ▶▶
(編輯:林淑媛)1121230 賴清德質疑炒農地 柯文哲哽咽提父親盼他回新竹行醫 賴清德:柯文哲簽藍白協議都能作廢 最沒資格談誠信 侯友宜:當選總統黨產歸零 徹底解決問題 侯問是否支持廢死 柯文哲:不執行死刑就終身監禁 柯文哲質疑選總統對不起新北 侯友宜:民進黨卡建設 賴清德酸神通廣大 侯友宜:99個門牌都合法 賴質疑重啟服貿挺核電 侯酸不廢ECFA、非核家園跳票 賴清德質疑服貿立場 柯文哲:太陽花學運是反黑箱 蔡總統:台灣沒有廢除死刑 努力完善制度預防犯罪 台灣選後第3天 美媒聚焦三黨

請在下方「L2 子框架」勾選是否含 L2-07（可一併勾其他 L2，但本輪重點只看 L2-07）。L1 主框架本輪不計分，可任選。",,
9025,—,ARB,l207_arbitration,—,"【本題判定標籤：L2-07 凝聚與願景動員 — 使用 v11 定義，非側欄 codebook 顯示的 v10 版本】
核心判準：這句話是否承載「方向性、未來性或行動指向」？不限顯性呼籲詞——政策意願（「政府應該/必須」「持續推動」）、未來願景（「成為...」「打造...」）、集體行動事件報導、批評隱含的反向期待，皆可觸發。純事實陳述/無方向性報導→不標；主權宣示無行動指向→屬L2-01；純成就數字無行動指向→屬L2-06；民主價值定義無動員→屬L2-08。完整定義見專案 INSTRUCTIONS.md。

⟪前句·僅供語境⟫
特別預算不再常態化;

▶▶ 待判句 ▶▶
柯文哲:台灣現在是民選皇帝制 應勇敢走向內閣制 綠批柯文哲喊內閣制心裡皇帝制 柯辦:憲政制度改革 柯文哲表示,台灣從1996年民選總統以來,歷經3次政黨輪替,他一直在思考國家體制是不是有問題;

⟪後句·僅供語境⟫
台灣政治由7個人選舉決定:總統與六都市長,「贏者全拿、毫無制衡」,市長好歹要進議會接受質詢,但總統不受國會監督、還可以不開記者會,卻在背後掌握所有政治。

請在下方「L2 子框架」勾選是否含 L2-07（可一併勾其他 L2，但本輪重點只看 L2-07）。L1 主框架本輪不計分，可任選。",,
9026,—,ARB,l207_arbitration,—,"【本題判定標籤：L2-07 凝聚與願景動員 — 使用 v11 定義，非側欄 codebook 顯示的 v10 版本】
核心判準：這句話是否承載「方向性、未來性或行動指向」？不限顯性呼籲詞——政策意願（「政府應該/必須」「持續推動」）、未來願景（「成為...」「打造...」）、集體行動事件報導、批評隱含的反向期待，皆可觸發。純事實陳述/無方向性報導→不標；主權宣示無行動指向→屬L2-01；純成就數字無行動指向→屬L2-06；民主價值定義無動員→屬L2-08。完整定義見專案 INSTRUCTIONS.md。

⟪前句·僅供語境⟫
宋濤聲稱,要實現兩岸關係和平發展、融合發展,就要破除兩岸交流合作的阻礙。

▶▶ 待判句 ▶▶
要維護台海和平安寧,就要堅決反對台獨分裂活動和外部勢力干涉。

⟪後句·僅供語境⟫
對此,曾建元表示,陳玉珍有她的政治理念或意識形態和國家認同的立場,不過身為中華民國的立法委員,陳玉珍至少要向中共表達我國基本價值和立場。

請在下方「L2 子框架」勾選是否含 L2-07（可一併勾其他 L2，但本輪重點只看 L2-07）。L1 主框架本輪不計分，可任選。",,
9027,—,ARB,l207_arbitration,—,"【本題判定標籤：L2-07 凝聚與願景動員 — 使用 v11 定義，非側欄 codebook 顯示的 v10 版本】
核心判準：這句話是否承載「方向性、未來性或行動指向」？不限顯性呼籲詞——政策意願（「政府應該/必須」「持續推動」）、未來願景（「成為...」「打造...」）、集體行動事件報導、批評隱含的反向期待，皆可觸發。純事實陳述/無方向性報導→不標；主權宣示無行動指向→屬L2-01；純成就數字無行動指向→屬L2-06；民主價值定義無動員→屬L2-08。完整定義見專案 INSTRUCTIONS.md。

⟪前句·僅供語境⟫
國民黨副主席連勝文批評賴清德「務實的台獨終究是台獨」,會把台灣帶入危險狀態。

▶▶ 待判句 ▶▶
郭雅慧說,賴清德的價值一直是一致的,也就是民主、和平、繁榮,希望保護主權、反對侵略,一直以來,中共的軍演和恐嚇沒有停止過,她要反問連勝文跟國民黨,這部分的兩岸立場,是否要做表述。

⟪後句·僅供語境⟫
(編輯:謝佳珍)1120507 侯友宜不排斥侯習會 促賴清德說清贊成或反對台獨 賴清德:擴大國際合作 引領價值外交新時代 七夕情人節將至 賴清德推薦3款獨家客庄約會行程 中國軍演 賴辦:營造戰爭威脅論的介選手法

請在下方「L2 子框架」勾選是否含 L2-07（可一併勾其他 L2，但本輪重點只看 L2-07）。L1 主框架本輪不計分，可任選。",,
9028,—,ARB,l207_arbitration,—,"【本題判定標籤：L2-07 凝聚與願景動員 — 使用 v11 定義，非側欄 codebook 顯示的 v10 版本】
核心判準：這句話是否承載「方向性、未來性或行動指向」？不限顯性呼籲詞——政策意願（「政府應該/必須」「持續推動」）、未來願景（「成為...」「打造...」）、集體行動事件報導、批評隱含的反向期待，皆可觸發。純事實陳述/無方向性報導→不標；主權宣示無行動指向→屬L2-01；純成就數字無行動指向→屬L2-06；民主價值定義無動員→屬L2-08。完整定義見專案 INSTRUCTIONS.md。

⟪前句·僅供語境⟫
第九个,青年低薪,房价高涨。

▶▶ 待判句 ▶▶
侯友宜: 第十个,防疫弊案,黑幕重重。

⟪後句·僅供語境⟫
这十个问题其实,有一个问题是我参选总统很重要的一个关键。

請在下方「L2 子框架」勾選是否含 L2-07（可一併勾其他 L2，但本輪重點只看 L2-07）。L1 主框架本輪不計分，可任選。",,
9029,—,ARB,l207_arbitration,—,"【本題判定標籤：L2-07 凝聚與願景動員 — 使用 v11 定義，非側欄 codebook 顯示的 v10 版本】
核心判準：這句話是否承載「方向性、未來性或行動指向」？不限顯性呼籲詞——政策意願（「政府應該/必須」「持續推動」）、未來願景（「成為...」「打造...」）、集體行動事件報導、批評隱含的反向期待，皆可觸發。純事實陳述/無方向性報導→不標；主權宣示無行動指向→屬L2-01；純成就數字無行動指向→屬L2-06；民主價值定義無動員→屬L2-08。完整定義見專案 INSTRUCTIONS.md。

⟪前句·僅供語境⟫
前民進黨秘書長羅文嘉也參與這次輔選,他說,賴清德是很有教養、堅持原則的人,擇善固執、堅守價值底線,從國大、立委、地方首長至今,賴清德仍維持理想性格。

▶▶ 待判句 ▶▶
羅文嘉觀察,這4年來,賴清德擔任副總統,不是站在實際執行政策的第一線,副手經驗可以讓賴清德體驗到一個政治組織從政策形成到落實,「是靠一群人,而不是一個人」。

⟪後句·僅供語境⟫
如今他當選總統,如同成為主戰投手帶領球隊邁向冠軍,站上投手丘,硬碰硬的直球對決不足以取勝,更要適時投出各種球路,面對球場上的瞬息萬變,考驗著賴清德的政治智慧。

請在下方「L2 子框架」勾選是否含 L2-07（可一併勾其他 L2，但本輪重點只看 L2-07）。L1 主框架本輪不計分，可任選。",,
9030,—,ARB,l207_arbitration,—,"【本題判定標籤：L2-07 凝聚與願景動員 — 使用 v11 定義，非側欄 codebook 顯示的 v10 版本】
核心判準：這句話是否承載「方向性、未來性或行動指向」？不限顯性呼籲詞——政策意願（「政府應該/必須」「持續推動」）、未來願景（「成為...」「打造...」）、集體行動事件報導、批評隱含的反向期待，皆可觸發。純事實陳述/無方向性報導→不標；主權宣示無行動指向→屬L2-01；純成就數字無行動指向→屬L2-06；民主價值定義無動員→屬L2-08。完整定義見專案 INSTRUCTIONS.md。

▶▶ 待判句 ▶▶
賴清德募款小物、網站上線 搭配棒球設計元素 2023/6/27 12:01 (6/27 13:11 更新) (中央社記者葉素萍台北27日電)民進黨總統參選人賴清德募款網站今天上線,競選辦公室說,首波募款小物包括棒球外套、T-Shirt、徽章、毛巾等同時開賣,設計理念與「挺台灣」主視覺相同,都圍繞在「棒球」主題搭配設計。

⟪後句·僅供語境⟫
(編輯:謝佳珍)1120627 賴清德:放棄主權的和平是假和平 籲支持守護主權者 侯友宜不排斥侯習會 促賴清德說清楚贊成或反對台獨 七夕情人節將至 賴清德推薦3款獨家客庄約會行程 中國軍演 賴辦:營造戰爭威脅論的介選手法

請在下方「L2 子框架」勾選是否含 L2-07（可一併勾其他 L2，但本輪重點只看 L2-07）。L1 主框架本輪不計分，可任選。",,
9031,—,ARB,l207_arbitration,—,"【本題判定標籤：L2-07 凝聚與願景動員 — 使用 v11 定義，非側欄 codebook 顯示的 v10 版本】
核心判準：這句話是否承載「方向性、未來性或行動指向」？不限顯性呼籲詞——政策意願（「政府應該/必須」「持續推動」）、未來願景（「成為...」「打造...」）、集體行動事件報導、批評隱含的反向期待，皆可觸發。純事實陳述/無方向性報導→不標；主權宣示無行動指向→屬L2-01；純成就數字無行動指向→屬L2-06；民主價值定義無動員→屬L2-08。完整定義見專案 INSTRUCTIONS.md。

⟪前句·僅供語境⟫
蔡其昌與妻子分進合擊拜票 強調不分黨派服務地方 2024/1/11 15:29 (1/11 15:43 更新) (中央社記者郝雪卿台中11日電)選戰倒數,爭取連任的立法院副院長蔡其昌今天到清水菜市場拜票,而他的妻子黃玉廷也前往大甲第一市場拜票。

▶▶ 待判句 ▶▶
民進黨籍台中市立委第1選區候選人蔡其昌上午前往清水菜市場入口拜票,接著沿清水街上至鰲峰山上車隊掃街,為選戰最後2天衝刺。

⟪後句·僅供語境⟫
蔡其昌表示,他會繼續堅持現在的做法,平時認真做事、不分黨派服務,選舉期間認真勤跑,握遍每一雙選民的手,他相信,海線的選民需要的是努力打拚的候選人。

請在下方「L2 子框架」勾選是否含 L2-07（可一併勾其他 L2，但本輪重點只看 L2-07）。L1 主框架本輪不計分，可任選。",,
9032,—,ARB,l207_arbitration,—,"【本題判定標籤：L2-07 凝聚與願景動員 — 使用 v11 定義，非側欄 codebook 顯示的 v10 版本】
核心判準：這句話是否承載「方向性、未來性或行動指向」？不限顯性呼籲詞——政策意願（「政府應該/必須」「持續推動」）、未來願景（「成為...」「打造...」）、集體行動事件報導、批評隱含的反向期待，皆可觸發。純事實陳述/無方向性報導→不標；主權宣示無行動指向→屬L2-01；純成就數字無行動指向→屬L2-06；民主價值定義無動員→屬L2-08。完整定義見專案 INSTRUCTIONS.md。

⟪前句·僅供語境⟫
賴清德認為,相較藍白紛擾,他所率領的團隊絕對是一個準備完全,並且經得起考驗的團隊,在總統蔡英文8年的執政基礎下,他有信心與蕭美琴一起,在這最後的50幾天,凝聚人民共識、團結所有一切的力量,贏得選舉,讓台灣繼續在穩健向前的道路上,持續壯大,請民眾堅定支持,與他們一起迎向最後的勝利。

▶▶ 待判句 ▶▶
(編輯:蘇龍麒)1121120 柯文哲喊拚到底 藍籲持續協商、柯辦稱可各自解讀 國民黨:22日是政黨協商底線 相信柯文哲會續溝通 侯友宜:不管柯文哲怎麼決定 政黨輪替勢在必行 紐時評蕭美琴:沒有正式頭銜 卻是華府最有影響力大使之一 裴洛西讚蕭美琴是出色外交官及戰略思想家 讓美方學到許多 陳建仁:蕭美琴卓越表現獲台美共同肯定 賴蕭配亮相 蕭美琴:為了國家我會蹽落去 賴清德推崇蕭美琴3大特質 賴蕭配會帶領國家走對的路 蕭美琴盼APEC後公布賴蕭配 賴清德:沒想到還是第一 時代雜誌專訪 賴清德:不會認同「統一的幻想」 蕭副總統:台灣有意願能力成全球衛生體系一分子 福爾摩沙俱樂部賀賴總統就職 並嚴重關切中國軍演 民進黨主委選舉英系席次銳減 親賴陣營擁半邊天 美學者評520演說:中國作最大惡意解讀 美反應平穩 2025/05/20 12:24 2023/11/20 12:36 2023/11/20 11:34 2023/11/20 10:54 2023/11/20 10:37 2023/11/19 23:03

請在下方「L2 子框架」勾選是否含 L2-07（可一併勾其他 L2，但本輪重點只看 L2-07）。L1 主框架本輪不計分，可任選。",,
9033,—,ARB,l207_arbitration,—,"【本題判定標籤：L2-07 凝聚與願景動員 — 使用 v11 定義，非側欄 codebook 顯示的 v10 版本】
核心判準：這句話是否承載「方向性、未來性或行動指向」？不限顯性呼籲詞——政策意願（「政府應該/必須」「持續推動」）、未來願景（「成為...」「打造...」）、集體行動事件報導、批評隱含的反向期待，皆可觸發。純事實陳述/無方向性報導→不標；主權宣示無行動指向→屬L2-01；純成就數字無行動指向→屬L2-06；民主價值定義無動員→屬L2-08。完整定義見專案 INSTRUCTIONS.md。

⟪前句·僅供語境⟫
面對民眾黨總統候選人柯文哲狂嗆「讓你選也不會上」的高傲姿態,侯友宜沉住氣,先喊出「相忍為國」釋善意,也更強調自己是中華民國擁護者;

▶▶ 待判句 ▶▶
侯友宜除猛攻綠營貪腐、引戰,持續強調中華民國價值以鞏固基本盤,並推出「侯康貸」、免學費等政見牛肉搶攻年輕票;

⟪後句·僅供語境⟫
面對柯文哲來勢洶洶,侯友宜不斷呼籲集中選票、籌組聯合政府將延攬柯文哲等,盼選民自動棄保。

請在下方「L2 子框架」勾選是否含 L2-07（可一併勾其他 L2，但本輪重點只看 L2-07）。L1 主框架本輪不計分，可任選。",,
9034,—,ARB,l207_arbitration,—,"【本題判定標籤：L2-07 凝聚與願景動員 — 使用 v11 定義，非側欄 codebook 顯示的 v10 版本】
核心判準：這句話是否承載「方向性、未來性或行動指向」？不限顯性呼籲詞——政策意願（「政府應該/必須」「持續推動」）、未來願景（「成為...」「打造...」）、集體行動事件報導、批評隱含的反向期待，皆可觸發。純事實陳述/無方向性報導→不標；主權宣示無行動指向→屬L2-01；純成就數字無行動指向→屬L2-06；民主價值定義無動員→屬L2-08。完整定義見專案 INSTRUCTIONS.md。

⟪前句·僅供語境⟫
賴清德競選總部發布新聞稿表示,蕭美琴今天下午現身攝影棚,接連拍攝米色及深色西裝,搭配攝影師指導動作,氣質俐落沉穩,蕭美琴不只姿勢一次到位,眼神也充滿自信,在拍攝過程中,攝影師希望蕭美琴比出「手指愛心」,蕭美琴笑回「好像在數錢」,整個拍攝棚充滿笑聲,氣氛相當融洽。

▶▶ 待判句 ▶▶
拍攝接近尾聲,蕭美琴還不忘提醒照片要趕快輸出,因為「很多人都在要」,顯見各地立委參選人都等不及要趕快合體。

⟪後句·僅供語境⟫
賴清德競總發言人郭雅慧表示,蕭美琴曾任立委,赴任駐美代表後外交工作成果亮眼,地方立委參選人引頸期盼,已經有人迫不及待換上與蕭美琴合體的看板。

請在下方「L2 子框架」勾選是否含 L2-07（可一併勾其他 L2，但本輪重點只看 L2-07）。L1 主框架本輪不計分，可任選。",,
9035,—,ARB,l207_arbitration,—,"【本題判定標籤：L2-07 凝聚與願景動員 — 使用 v11 定義，非側欄 codebook 顯示的 v10 版本】
核心判準：這句話是否承載「方向性、未來性或行動指向」？不限顯性呼籲詞——政策意願（「政府應該/必須」「持續推動」）、未來願景（「成為...」「打造...」）、集體行動事件報導、批評隱含的反向期待，皆可觸發。純事實陳述/無方向性報導→不標；主權宣示無行動指向→屬L2-01；純成就數字無行動指向→屬L2-06；民主價值定義無動員→屬L2-08。完整定義見專案 INSTRUCTIONS.md。

⟪前句·僅供語境⟫
第16任總統副總統及第11屆立法委員選舉,將於明年1月13日投開票,選戰進入倒數計時階段,3黨總統參選人今天齊攻新北大票倉。

▶▶ 待判句 ▶▶
侯友宜回到本命區,在樹林區與平地原住民立委參選人鄭天財聯合造勢,現場旗海飄揚,展現陸戰實力拉抬立委參選人。

⟪後句·僅供語境⟫
侯友宜受訪時再批賴清德萬里老家事件,要求賴清德不用哽咽,而要說清楚事實,並回擊柯文哲的「急速傾中」說發,強調他會始終守著中華民國台澎金馬這塊土地、人民的安全,遵循中華民國憲法。

請在下方「L2 子框架」勾選是否含 L2-07（可一併勾其他 L2，但本輪重點只看 L2-07）。L1 主框架本輪不計分，可任選。",,
9036,—,ARB,l207_arbitration,—,"【本題判定標籤：L2-07 凝聚與願景動員 — 使用 v11 定義，非側欄 codebook 顯示的 v10 版本】
核心判準：這句話是否承載「方向性、未來性或行動指向」？不限顯性呼籲詞——政策意願（「政府應該/必須」「持續推動」）、未來願景（「成為...」「打造...」）、集體行動事件報導、批評隱含的反向期待，皆可觸發。純事實陳述/無方向性報導→不標；主權宣示無行動指向→屬L2-01；純成就數字無行動指向→屬L2-06；民主價值定義無動員→屬L2-08。完整定義見專案 INSTRUCTIONS.md。

⟪前句·僅供語境⟫
所以,如果民进党选进总统府的话,我相信在对中政策上面不会有再更大的弹性了然后怎么样解决这个问题呢,怎么样解决这个跟中国没有办法谈这个问题呢,我的解读啦 应该这样讲我自己听的感觉是说要国际上的压力一起来跟中国施压那这个国际上。

▶▶ 待判句 ▶▶
吉娃娃: 国际友人。

⟪後句·僅供語境⟫
那也许中国会愿意跟民进党政府谈这样子OK 然后呢, 他也提到说在我问他说民进党能不能接受是别人,就是不是民进党的人去谈的时候。

請在下方「L2 子框架」勾選是否含 L2-07（可一併勾其他 L2，但本輪重點只看 L2-07）。L1 主框架本輪不計分，可任選。",,
9037,—,ARB,l207_arbitration,—,"【本題判定標籤：L2-07 凝聚與願景動員 — 使用 v11 定義，非側欄 codebook 顯示的 v10 版本】
核心判準：這句話是否承載「方向性、未來性或行動指向」？不限顯性呼籲詞——政策意願（「政府應該/必須」「持續推動」）、未來願景（「成為...」「打造...」）、集體行動事件報導、批評隱含的反向期待，皆可觸發。純事實陳述/無方向性報導→不標；主權宣示無行動指向→屬L2-01；純成就數字無行動指向→屬L2-06；民主價值定義無動員→屬L2-08。完整定義見專案 INSTRUCTIONS.md。

⟪前句·僅供語境⟫
設定100萬戶的目標,賴副總統表示,是因為目前家戶租屋需求大約80餘萬戶,加上青年租屋需求,共約100萬戶,因此目標設定100萬戶是要滿足民眾需求。

▶▶ 待判句 ▶▶
賴副總統指出,蔡總統任內社會住宅與包租代管達20萬戶,他未來要達30萬戶,「我們絕對有信心」。

⟪後句·僅供語境⟫
未來社宅興建13萬戶部分,除了6都,其他縣市也會推廣,中央會負責總戶數的2/3,剩餘1/3由地方負責,中央也會協助。

請在下方「L2 子框架」勾選是否含 L2-07（可一併勾其他 L2，但本輪重點只看 L2-07）。L1 主框架本輪不計分，可任選。",,
9038,—,ARB,l207_arbitration,—,"【本題判定標籤：L2-07 凝聚與願景動員 — 使用 v11 定義，非側欄 codebook 顯示的 v10 版本】
核心判準：這句話是否承載「方向性、未來性或行動指向」？不限顯性呼籲詞——政策意願（「政府應該/必須」「持續推動」）、未來願景（「成為...」「打造...」）、集體行動事件報導、批評隱含的反向期待，皆可觸發。純事實陳述/無方向性報導→不標；主權宣示無行動指向→屬L2-01；純成就數字無行動指向→屬L2-06；民主價值定義無動員→屬L2-08。完整定義見專案 INSTRUCTIONS.md。

⟪前句·僅供語境⟫
根據國防部最新向立法院提出報告指出,國軍M60A3已服役近30年,動力系統可靠度逐年下降,且無存量可供週轉,因此採購全新引擎數量460顆,更換下來的引擎經檢整後,可充當周轉與戰備零件。

▶▶ 待判句 ▶▶
圖解軍武》M60A3TTS「換心臟」 性能提升一次看 國防部已編列達到72.45億元的預算計畫,明年起將啟動M60A3戰車引擎外購案,希望在2028年底前,將陸軍現役M60A3戰車的引擎及變速箱全數更換。

⟪後句·僅供語境⟫
圖為M60A3戰車參與漢光演習國防戰力展示。

請在下方「L2 子框架」勾選是否含 L2-07（可一併勾其他 L2，但本輪重點只看 L2-07）。L1 主框架本輪不計分，可任選。",,
9039,—,ARB,l207_arbitration,—,"【本題判定標籤：L2-07 凝聚與願景動員 — 使用 v11 定義，非側欄 codebook 顯示的 v10 版本】
核心判準：這句話是否承載「方向性、未來性或行動指向」？不限顯性呼籲詞——政策意願（「政府應該/必須」「持續推動」）、未來願景（「成為...」「打造...」）、集體行動事件報導、批評隱含的反向期待，皆可觸發。純事實陳述/無方向性報導→不標；主權宣示無行動指向→屬L2-01；純成就數字無行動指向→屬L2-06；民主價值定義無動員→屬L2-08。完整定義見專案 INSTRUCTIONS.md。

⟪前句·僅供語境⟫
他也說,這場選舉很簡單,關鍵就是選兩岸穩定,不要戰爭。

▶▶ 待判句 ▶▶
侯友宜的民調老二、老三上上下下,郭台銘說下週三人可面談; 約了沒?

⟪後句·僅供語境⟫
侯友宜參拜「茄苳媽」,受到泰安宮總主委王子豪等人歡迎,市議員蔡育輝、方一峰、國民黨立委參選人周宏昌也到場相挺。

請在下方「L2 子框架」勾選是否含 L2-07（可一併勾其他 L2，但本輪重點只看 L2-07）。L1 主框架本輪不計分，可任選。",,
9040,—,ARB,l207_arbitration,—,"【本題判定標籤：L2-07 凝聚與願景動員 — 使用 v11 定義，非側欄 codebook 顯示的 v10 版本】
核心判準：這句話是否承載「方向性、未來性或行動指向」？不限顯性呼籲詞——政策意願（「政府應該/必須」「持續推動」）、未來願景（「成為...」「打造...」）、集體行動事件報導、批評隱含的反向期待，皆可觸發。純事實陳述/無方向性報導→不標；主權宣示無行動指向→屬L2-01；純成就數字無行動指向→屬L2-06；民主價值定義無動員→屬L2-08。完整定義見專案 INSTRUCTIONS.md。

⟪前句·僅供語境⟫
劉輝雄強調,對於賴清德陣營下午到新北造勢,他不曉得他們是什麼想法,「但是我們是一心一意要支持我們的鄉親侯友宜進入總統府」。

▶▶ 待判句 ▶▶
賴清德陣營今天下午選在新莊區舉辦「全國嘉義旅外鄉親信賴台灣後援會」成立大會,後援會總召集人由全國嘉義旅外鄉親信賴台灣後援會理事長劉德宗出任,全國嘉義旅外鄉親信賴台灣後援會總會長黃榮發、嘉義縣長翁章梁、立法委員蔡易餘以及行政院副院長鄭文燦等人均會到場。

⟪後句·僅供語境⟫
嘉義同鄉會聯合總會總會長劉輝雄說,嘉義人要寫歷史、出一位總統,同鄉會沒有分類,一心一意要支持鄉親侯友宜進入總統府。

請在下方「L2 子框架」勾選是否含 L2-07（可一併勾其他 L2，但本輪重點只看 L2-07）。L1 主框架本輪不計分，可任選。",,
9041,—,ARB,l207_arbitration,—,"【本題判定標籤：L2-07 凝聚與願景動員 — 使用 v11 定義，非側欄 codebook 顯示的 v10 版本】
核心判準：這句話是否承載「方向性、未來性或行動指向」？不限顯性呼籲詞——政策意願（「政府應該/必須」「持續推動」）、未來願景（「成為...」「打造...」）、集體行動事件報導、批評隱含的反向期待，皆可觸發。純事實陳述/無方向性報導→不標；主權宣示無行動指向→屬L2-01；純成就數字無行動指向→屬L2-06；民主價值定義無動員→屬L2-08。完整定義見專案 INSTRUCTIONS.md。

⟪前句·僅供語境⟫
侯友宜第一輪政見發表治安怒批民進黨打詐不力,並提出提出治安三箭「一打詐、二掃毒掃槍、三除暴」政見,他表示自己會全力拚治安、壓制詐團,朝一年掃蕩、二年少1/3、三年減半目標邁進。

▶▶ 待判句 ▶▶
賴清德第一輪政見發表國家願景、建設計畫拚投資0歲~22歲,讓台灣均衡發展,並將提出完整計畫,會用加薪、減稅、少負擔來陪伴每個人走過每個階段;

⟪後句·僅供語境⟫
當中包括0到6歲國家一起養2.0、長照3.0,減輕三明治家庭的負擔,而長照3.0會強調公立安養中心的設置。

請在下方「L2 子框架」勾選是否含 L2-07（可一併勾其他 L2，但本輪重點只看 L2-07）。L1 主框架本輪不計分，可任選。",,
9042,—,ARB,l207_arbitration,—,"【本題判定標籤：L2-07 凝聚與願景動員 — 使用 v11 定義，非側欄 codebook 顯示的 v10 版本】
核心判準：這句話是否承載「方向性、未來性或行動指向」？不限顯性呼籲詞——政策意願（「政府應該/必須」「持續推動」）、未來願景（「成為...」「打造...」）、集體行動事件報導、批評隱含的反向期待，皆可觸發。純事實陳述/無方向性報導→不標；主權宣示無行動指向→屬L2-01；純成就數字無行動指向→屬L2-06；民主價值定義無動員→屬L2-08。完整定義見專案 INSTRUCTIONS.md。

⟪前句·僅供語境⟫
賴副總統表示,現在蔡總統不是要選第3任,是他要選第1任,雖然政黨沒有輪替,但政權會改變;

▶▶ 待判句 ▶▶
至於核電問題,賴副總統指出,2022年台灣的綠能發電量,已超過核能發電;

⟪後句·僅供語境⟫
因為公投已經通過,核四完全不可能,核一也不可能,核二兩個機組都停機,現在只有核三,但在台灣很難說政府想怎樣就怎樣,都要溝通對話,屏東縣長、議會、立委及民眾贊不贊成都是問題。

請在下方「L2 子框架」勾選是否含 L2-07（可一併勾其他 L2，但本輪重點只看 L2-07）。L1 主框架本輪不計分，可任選。",,
9043,—,ARB,l207_arbitration,—,"【本題判定標籤：L2-07 凝聚與願景動員 — 使用 v11 定義，非側欄 codebook 顯示的 v10 版本】
核心判準：這句話是否承載「方向性、未來性或行動指向」？不限顯性呼籲詞——政策意願（「政府應該/必須」「持續推動」）、未來願景（「成為...」「打造...」）、集體行動事件報導、批評隱含的反向期待，皆可觸發。純事實陳述/無方向性報導→不標；主權宣示無行動指向→屬L2-01；純成就數字無行動指向→屬L2-06；民主價值定義無動員→屬L2-08。完整定義見專案 INSTRUCTIONS.md。

⟪前句·僅供語境⟫
張鈞甯因其碩士論文題目為「我國演藝人員經紀管理之法制問題」中的「我國」二字,被質疑是台獨藝人,張鈞甯在新戲中的戲份遭到刪除,更被從演員名單中除名。

▶▶ 待判句 ▶▶
這樣的行為不僅是在傷害五月天與所有被中共打壓樂團與藝人們的粉絲,也是在傷害台灣人民的情感,這樣對兩岸關係不會有絲毫幫助,更絕對不會得到國際社會與台灣人民的認同。

請在下方「L2 子框架」勾選是否含 L2-07（可一併勾其他 L2，但本輪重點只看 L2-07）。L1 主框架本輪不計分，可任選。",,
9044,—,ARB,l207_arbitration,—,"【本題判定標籤：L2-07 凝聚與願景動員 — 使用 v11 定義，非側欄 codebook 顯示的 v10 版本】
核心判準：這句話是否承載「方向性、未來性或行動指向」？不限顯性呼籲詞——政策意願（「政府應該/必須」「持續推動」）、未來願景（「成為...」「打造...」）、集體行動事件報導、批評隱含的反向期待，皆可觸發。純事實陳述/無方向性報導→不標；主權宣示無行動指向→屬L2-01；純成就數字無行動指向→屬L2-06；民主價值定義無動員→屬L2-08。完整定義見專案 INSTRUCTIONS.md。

⟪前句·僅供語境⟫
國民黨侯友宜趙少康主打政黨輪替、重返執政;

▶▶ 待判句 ▶▶
柯文哲希望挾第3大黨的勢力,成為首位非國、民兩黨出身的總統。

⟪後句·僅供語境⟫
2024選舉開票 區域立法委員當選名單【不斷更新】 2024總統立委選舉開票實況 中央社即時直播不搶快不灌票 中央社彙整中選會資料庫製作圖表,帶您掌握近幾屆總統立委選舉政黨版圖、票倉分布變化,以及不分區立委席次消長等概況。

請在下方「L2 子框架」勾選是否含 L2-07（可一併勾其他 L2，但本輪重點只看 L2-07）。L1 主框架本輪不計分，可任選。",,
9045,—,ARB,l207_arbitration,—,"【本題判定標籤：L2-07 凝聚與願景動員 — 使用 v11 定義，非側欄 codebook 顯示的 v10 版本】
核心判準：這句話是否承載「方向性、未來性或行動指向」？不限顯性呼籲詞——政策意願（「政府應該/必須」「持續推動」）、未來願景（「成為...」「打造...」）、集體行動事件報導、批評隱含的反向期待，皆可觸發。純事實陳述/無方向性報導→不標；主權宣示無行動指向→屬L2-01；純成就數字無行動指向→屬L2-06；民主價值定義無動員→屬L2-08。完整定義見專案 INSTRUCTIONS.md。

⟪前句·僅供語境⟫
他說,面對區域霸權的崛起,會繼續推動蔡總統的四個堅持,來捍衛民主憲政體制、維持現狀,也會用四大支柱,向國際社會表達台灣追求民主和平的決心。

▶▶ 待判句 ▶▶
賴清德認為,必須增強國防力量、保護自己,沒辦法依賴別人,要從自己有決心做起,也要跟民主國家肩並肩站在一起發揮威懾力量,只要能夠保持對等尊嚴原則,能夠為兩岸人民增進福祉,他都很樂意與中國進行交流、甚至合作。

⟪後句·僅供語境⟫
賴清德表示,會計師是台灣經濟發展的後盾,也是企業的醫師,幫助企業健全公司體質的後盾。

請在下方「L2 子框架」勾選是否含 L2-07（可一併勾其他 L2，但本輪重點只看 L2-07）。L1 主框架本輪不計分，可任選。",,
9046,—,ARB,l207_arbitration,—,"【本題判定標籤：L2-07 凝聚與願景動員 — 使用 v11 定義，非側欄 codebook 顯示的 v10 版本】
核心判準：這句話是否承載「方向性、未來性或行動指向」？不限顯性呼籲詞——政策意願（「政府應該/必須」「持續推動」）、未來願景（「成為...」「打造...」）、集體行動事件報導、批評隱含的反向期待，皆可觸發。純事實陳述/無方向性報導→不標；主權宣示無行動指向→屬L2-01；純成就數字無行動指向→屬L2-06；民主價值定義無動員→屬L2-08。完整定義見專案 INSTRUCTIONS.md。

⟪前句·僅供語境⟫
國民黨團今天於黨團記者室召開「新南向政策徹底失敗」記者會,黨團總召曾銘宗、書記長謝衣鳯出席,台北市議員李彥秀也與會。

▶▶ 待判句 ▶▶
曾銘宗指出,蔡政府上任之後,提出新南向政策,主要的政策目的包括經貿合作、人才交流、資源共享、區域鏈結,更重要的是降低對中國大陸的貿易依存度。

⟪後句·僅供語境⟫
不過,曾銘宗說,蔡政府引以為傲的新南向政策,對中國大陸依存度反而更高,對東協相關出口反而降低;

請在下方「L2 子框架」勾選是否含 L2-07（可一併勾其他 L2，但本輪重點只看 L2-07）。L1 主框架本輪不計分，可任選。",,
9047,—,ARB,l207_arbitration,—,"【本題判定標籤：L2-07 凝聚與願景動員 — 使用 v11 定義，非側欄 codebook 顯示的 v10 版本】
核心判準：這句話是否承載「方向性、未來性或行動指向」？不限顯性呼籲詞——政策意願（「政府應該/必須」「持續推動」）、未來願景（「成為...」「打造...」）、集體行動事件報導、批評隱含的反向期待，皆可觸發。純事實陳述/無方向性報導→不標；主權宣示無行動指向→屬L2-01；純成就數字無行動指向→屬L2-06；民主價值定義無動員→屬L2-08。完整定義見專案 INSTRUCTIONS.md。

⟪前句·僅供語境⟫
例如,台灣面臨中共壓迫,應加強國防力量及軍事採購,備戰才能止戰;

▶▶ 待判句 ▶▶
因應新冠肺炎衝擊,政府提出防疫紓困振興或疫後特別預算;

⟪後句·僅供語境⟫
各地方政府做為政績的重大建設,也都是前瞻基礎計畫預算所補助的。

請在下方「L2 子框架」勾選是否含 L2-07（可一併勾其他 L2，但本輪重點只看 L2-07）。L1 主框架本輪不計分，可任選。",,
9048,—,ARB,l207_arbitration,—,"【本題判定標籤：L2-07 凝聚與願景動員 — 使用 v11 定義，非側欄 codebook 顯示的 v10 版本】
核心判準：這句話是否承載「方向性、未來性或行動指向」？不限顯性呼籲詞——政策意願（「政府應該/必須」「持續推動」）、未來願景（「成為...」「打造...」）、集體行動事件報導、批評隱含的反向期待，皆可觸發。純事實陳述/無方向性報導→不標；主權宣示無行動指向→屬L2-01；純成就數字無行動指向→屬L2-06；民主價值定義無動員→屬L2-08。完整定義見專案 INSTRUCTIONS.md。

⟪前句·僅供語境⟫
黨務改革第三槍加嚴反黑金 賴清德:改革路必須走 2023/2/15 17:19 (2/15 17:46 更新) (中央社記者葉素萍台北15日電)民進黨中執會通過黨職人員選舉辦法、公職候選人提名條例草案,加嚴排黑。

▶▶ 待判句 ▶▶
賴清德說,今天中執會無異議通過,大家認為,民進黨對當前社會治安應該要貢獻心力,這場選舉中,民進黨遭遇的批評,也應該要做斷然處理,基本上沒有人表達不同意見。

⟪後句·僅供語境⟫
(編輯:林興盟)1120215 22歲退伍士兵徒步環島登外媒 盼全民關注中共威脅 赴嘉縣輔選 蔡總統:選對人帶動台灣發展 民進黨全代會通過加嚴排黑條款 涉黑金槍毒不能參選 議員指冷鏈低溫卸貨區溫度過高 北農:有人員管控

請在下方「L2 子框架」勾選是否含 L2-07（可一併勾其他 L2，但本輪重點只看 L2-07）。L1 主框架本輪不計分，可任選。",,
9049,—,ARB,l207_arbitration,—,"【本題判定標籤：L2-07 凝聚與願景動員 — 使用 v11 定義，非側欄 codebook 顯示的 v10 版本】
核心判準：這句話是否承載「方向性、未來性或行動指向」？不限顯性呼籲詞——政策意願（「政府應該/必須」「持續推動」）、未來願景（「成為...」「打造...」）、集體行動事件報導、批評隱含的反向期待，皆可觸發。純事實陳述/無方向性報導→不標；主權宣示無行動指向→屬L2-01；純成就數字無行動指向→屬L2-06；民主價值定義無動員→屬L2-08。完整定義見專案 INSTRUCTIONS.md。

▶▶ 待判句 ▶▶
〔記者陳鈺馥/台北報導〕前總統馬英九今日前往南京中山陵謁陵,揮筆寫下「和平奮鬥、振興中華」,並宣稱「振興中華是兩岸中國人不可迴避責任」。

⟪後句·僅供語境⟫
馬英九今日率團前往南京中山陵,向國民黨總理孫文參拜獻花,所致贈的花圈上寫著「中國國民黨前主席」,而非「中華民國總統」,今日下午也前往中國近代史遺址博物館(前南京總統府)參訪。

請在下方「L2 子框架」勾選是否含 L2-07（可一併勾其他 L2，但本輪重點只看 L2-07）。L1 主框架本輪不計分，可任選。",,
9050,—,ARB,l207_arbitration,—,"【本題判定標籤：L2-07 凝聚與願景動員 — 使用 v11 定義，非側欄 codebook 顯示的 v10 版本】
核心判準：這句話是否承載「方向性、未來性或行動指向」？不限顯性呼籲詞——政策意願（「政府應該/必須」「持續推動」）、未來願景（「成為...」「打造...」）、集體行動事件報導、批評隱含的反向期待，皆可觸發。純事實陳述/無方向性報導→不標；主權宣示無行動指向→屬L2-01；純成就數字無行動指向→屬L2-06；民主價值定義無動員→屬L2-08。完整定義見專案 INSTRUCTIONS.md。

⟪前句·僅供語境⟫
1996年台海危機發生後,鑒於解放軍在對岸部署大量飛彈,對台灣安全帶來極大威脅。

▶▶ 待判句 ▶▶
台北不斷爭取美方提供「戰區導彈防禦系統」遭到華府以各種理由推拖阻撓,因此,台方雖暫時放棄採購俄國潛艦,然而在美方遲遲不願提供飛彈防禦系統的情況下,對於俄國類似的先進技術表達濃厚興趣。

⟪後句·僅供語境⟫
1999年5月間,在李登輝主持的一場總統府軍事會談上,決策高層決定透過俄羅斯國營聯邦單一企業管道,與俄方進一步交涉,為避人耳目,俄國特地在英國倫敦成立一家「帝國國防服務有限公司」作為白手套,專司日後代理軍品銷售台灣事宜。

請在下方「L2 子框架」勾選是否含 L2-07（可一併勾其他 L2，但本輪重點只看 L2-07）。L1 主框架本輪不計分，可任選。",,
