unit_id,camp,L1_gpt,category,is_enumeration,mentions_lai,sent_text
_002c6b18cc15_u007,DPP,L1-03,C achievement list,True,False,"林佳龍強調,從堅持主權、提高國家安全、加強經濟實力、促進民主進步、加強國際交流等面向,都是不能停下的工作。"
_01bb5a13a43f_u007,TPP,L1-03,C achievement list,True,True,"蕭美琴指出,要推動外交,要有比較好的產品,台灣有好的產品,就是台灣的民主、台灣人民的慷慨善良、台灣的經濟成就,讓台灣更能獲得國際支持。"
_049fe1d6ae71_u004,TPP,L1-03,H other,False,True,"賴清德致詞表示,總統大選首要任務是守護台灣主權,確保台灣土地所有權屬於人民,沒主權就沒民主、沒民主就沒自由,根據國際經濟學人調查,台灣民主分數是亞洲第1名,宗教自由也僅次於日本,這在沒有宗教自由的中國是不可能的事。"
_0567d83ca2cf_u004,DPP,L1-03,B four-slogan list,True,True,"賴清德表示,堅持台灣主權立場不變,未來執政四大方針「拚經濟、護民主 、強國防、保和平」,並勾勒澎湖未來發展藍圖,配合國家2050淨零轉型 政策,建設澎湖成為低碳示範城市,利用海底電纜來往供電,發展太陽能、潮汐、風力發電綠能,供應澎湖全島,交通工具全用電動車,讓澎湖發展觀光產業,賴也不忘「牽成」立委楊曜,要求群眾也要投票支持楊曜。"
_05a6ea111183_u023,DPP,L1-03,H other,False,True,(譯者:蔡佳敏/核稿:陳亦偉)1120914 彭博專訪 賴清德:中國製造台海緊張 國際紅線就是台灣紅線 侯友宜接受彭博專訪 暢談中國、國防預算與半導體 總統:台灣不尋求軍事對抗 但隨時準備好捍衛民主生活方式 麻生太郎:嚇阻才能避免台海戰爭 台灣須向對手表達動武意志 葛來儀:無論誰成為台灣總統 北京都不會終止施壓 柯文哲與美代表團會面 強調台美關係不因誰執政改變 諾魯與台灣斷交 柯文哲:遺憾但不與中國惡性競爭 投資人權衡美國通膨數據 亞股走勢分歧 彭博2024最值得關注50家企業 台灣聯發科唯一上榜 2025/05/24 13:14 2025/05/23 10:31 2025/05/22 15:22 2025/05/21 19:20 2025/05/20 12:01 2025/05/20 11:57
_064bc8986006_u000,TPP,L1-06,F lexical false positive (org name),False,False,"台灣經濟民主連合召開「台美21世紀貿易倡議,國會應如何監督」記者會,由召集人賴中強(右)與研究員歐栩韶(左)說明。"
_064bc8986006_u002,TPP,L1-06,F lexical false positive (org name),False,False,"經濟民主連合智庫今日召開記者會,呼籲國會與政院檢討「因應貿易自由化調整支援條例」、「因應貿易自由化勞工就業調整支援措施實施辦法」等規範,強化貿易自由化衝擊評估和救助,並將因應反制中國「經濟脅迫」的措施,例如強制投保「西進險」一併納入條例規範。"
_08e54e529541_u014,TPP,L1-06,D democratic-alliance + trade,False,True,"黨政人士表示,蔡英文除了不像前兩任總統在第二任後期涉入弊案,或是陷入爭議性的議題,再加上她在總統任期內強化國防、總體經濟的成長,以及加入國際民主陣營,讓台灣被世界看見,並維持兩岸現況的穩定,都讓國人願意讓賴清德接續蔡英文路線,讓現有的執政團隊繼續協助治理國家。"
_0f6194dd249b_u004,TPP,L1-01,D democratic-alliance + trade,True,False,"蔡英文指出,行政團隊全力以赴,在全國同胞努力下守住非洲豬瘟、也穩住疫情、確保民生用水,台灣不僅挺過來,更維持經濟穩定成長和正常生活,台灣這幾年成為國際民主夥伴支持的焦點。"
_10d47dfdf6b1_u003,DPP,L1-03,H other,True,True,"賴清德表示,他將落實愛、和平、非暴力的民進黨核心價值,照顧基層,擴大投資社會,且秉持和平理念處理兩岸關係,「總統蔡英文說和平是唯一的選擇,和平也是未來清德的使命」,用和平當燈塔,民主做指南針,帶領人民勇敢向前走。"
_12b5759f704f_u001,TPP,L1-03,H other,False,False,"習近平在昨天發表2024新年賀詞說,「疫情防控平穩轉段,中國經濟持續回升向好」,並提到「祖國統一是歷史必然,兩岸同胞要攜手同心,共享民族復興的偉大榮光。」 國民黨今天上午舉辦元旦升旗,朱立倫在受訪時說,中共或者是中共的領導人談話,都是很正常的,但是大家的信念是永遠堅守中華民國,永遠捍衛中華民國,永遠堅持民主自由。"
_1446ed8ea4c5_u004,DPP,L1-03,C achievement list,True,True,"有關台美關係經營,蕭美琴說,推動台美關係永遠要以台灣為主體,過程中找到共同價值與利益,例如守護民主自由是共同價值,印太地區的和平穩定與繁榮則是共同利益,就能提升國家安全、經濟、國際參與等,進而壯大台灣。"
_18caed88aa28_u003,KMT,L1-03,C achievement list,True,True,"卓榮泰說,賴清德提出信賴台灣以及民主和平繁榮,一個和平、繁榮、發展經濟的地方,怎麼會有戰爭的可能性,台灣只是強化自我防衛的能力,加強國防自主,絕對不是引來戰爭的原因。"
_1cfcd646c417_u007,TPP,L1-03,A Lai's four-pillar formula,True,False,"他在總統蔡英文的四大堅持上提出和平四大支柱行動方案,有強化國防力量、提升經濟安全實力、和民主陣營並肩站在一起,以及在對等尊嚴下,願意和中國進行交流合作,增進兩岸人民福祉。"
_2075a7701d7b_u009,DPP,L1-06,C achievement list,True,True,"賴清德表示,感謝南投人過去「選對的人、走對的路」,蔡總統把「台灣這台車」開得非常穩健,台灣走在民主路上和世界做朋友,國防越來越有力、經濟越來越繁榮、社會福利越來越完整,他承諾與蕭美琴持續走在蔡總統這條正確道路,未來也會不分黨派用人唯才。"
_2094a553d92d_u003,KMT,L1-03,A Lai's four-pillar formula,True,False,這4大支柱包括必須建立台灣的威懾力、提升經濟安全、基於與全世界民主國家建立夥伴關係、穩定而有原則的兩岸關係領導能力。
_20afb2de1725_u009,KMT,L1-03,A Lai's four-pillar formula,True,True,"賴清德強調,他若當選,兩岸發生戰爭的機會最小,他會在總統蔡英文的四大堅持之上,透過和平四大支柱行動方案,包含建立台灣的威懾力、經濟安全是國家安全、與全世界民主國家建立夥伴關係,穩定而有原則的兩岸關係領導能力等,讓台海永續和平與國家繁榮。"
_22bae0f8a1ca_u003,KMT,L1-01,D democratic-alliance + trade,True,True,"賴清德表示,世界局勢正在劇烈變化,台灣必須團結一致,將數位轉型及2050淨零轉型的挑戰化為進步的動力,他將推動7大主張,包含發展「五大信賴產業」、打造智慧科技島、建構「以人為本」智慧新社會、推動金融創新與發展、創新創業雨林生態系、發展護國群山、綠色成長新戰略,以此迎向新的國際經貿體系,善用自由民主國家同盟的身分、站穩全球供應鏈關鍵角色,推動創新驅動的經濟發展模式,打造人人擁有能力與公平機會追求自我實現的創新經濟與智慧國家。"
_23cdb56875f8_u005,DPP,L1-03,H other,False,True,黃重諺:不聰明傳言 賴副總統過境紐約 將出席僑宴並與青年座談交流意見 蘇姿丰抵台再掀AI風潮 台南囝仔用5%法則率超微成功翻身 蘇姿丰:沒有台積電協助 超微無法推出AI應用晶片 出訪巴拉圭 賴清德:讓國際了解台灣堅持民主自由 過境紐約見僑胞 賴清德喊台灣安全世界就安全 學者:賴清德過境台美緊密協調 展現長期互信 賴清德紐約僑宴 AIT主席影片預告舊金山相會 賴清德:放棄主權的和平是假和平 籲支持守護主權者 侯友宜不排斥侯習會 促賴清德說清楚贊成或反對台獨 賴清德會支持者 談民主前輩一路相挺數度哽咽 2024/04/14 17:42 2023/08/14 03:16 2023/08/14 00:19 2023/08/13 21:18 2023/08/13 17:14 2023/08/13 14:14
_25f01a76a3d3_u001,DPP,L1-01,F lexical false positive (org name),False,False,"經濟民主連合智庫直指,若重啟服貿,將衝擊台灣上千行業及四二三萬就業人口;"
_269258d1e6e9_u013,TPP,L1-01,D democratic-alliance + trade,True,True,"賴清德表示,CPTPP是更高標準的區域經濟體、由西方民主陣營主導,RCEP是由中國在控制,就台灣的立場應該要優先加入CPTPP,而且台灣也已經提出申請、也得到日本等國家的公開支持,有信心未來加入CPTPP。"
_2ac023930dab_u016,TPP,L1-03,H other,False,False,"要有尊嚴的爭取和平,維護自由民主的體制,要做全世界的經濟和平島的中華民國。"
_2d3e5b593343_u010,DPP,L1-03,D democratic-alliance + trade,True,True,"彭博報導,賴清德撰文表示,他將增強台灣的軍事嚇阻力、確保經濟安全、與其他民主國家合作,並進行「穩定而有原則的兩岸關係領導能力」;"
_322fdaa48a89_u013,DPP,L1-03,D democratic-alliance + trade,True,True,"賴清德表示,印太區域人口已超過40億,GDP佔全球6成,是地緣政治變化衝擊最嚴厲的區域,台灣位處印太戰略的第一島鏈,台灣對印太和平穩定、世界永續發展至關重要,一定要發揮關鍵力量,透過民主活力,深化民主夥伴關係,除了加強區域安全合作外,也應該透過民主自由價值,公衛醫療機驗,半導體產業鏈,或宗教自由、體育交流、青年服務、學術研究等成就,來攜手理念相同國家,成立民主和平共同體,維護台海印太及世界的和平。"
_32c67d8674c0_u011,DPP,L1-03,H other,True,False,"趙怡翔指出,投票支持民進黨就是在地緣政治情勢動盪、經濟不確定因素持續增加、威權主義日益威脅全球各地民主政體之時,投票支持「穩定」。"
_32c67d8674c0_u012,DPP,L1-03,E China threatens both,True,False,"他提到,北京正從多方面以「複雜且精細」的手法試圖影響台灣選舉結果,包括錯假訊息、假新聞以及經貿「懲戒」措施,意圖「損害我們(台灣)的民主、顛覆我們(台灣)的制度、分化我們(台灣)的社會」。"
_32c67d8674c0_u013,DPP,L1-03,E China threatens both,False,False,"台灣民主實驗室(Doublethink Lab)研究員尼文(Tim Niven)指出,以往中國對台認知戰的目標為強力推展關於中華人民共和國及其統治和經濟的正面看法,但有鑑於這類說法已無賣點,現在中方轉而將民進黨呈現為台灣的安全威脅來源、必須為台灣失去的經濟機會負責。"
_34253e021eb8_u013,DPP,L1-03,D democratic-alliance + trade,True,True,"至於台海情勢危急時對美國挺台有多大信心,賴清德以「台灣的好朋友」稱呼美國,指台美是政治、經濟、人權等層面的夥伴,台灣安全是世界性的問題,維持台海與印太地區和平穩定符合國際社會共同利益,他相信世上所有民主國家,包括美國,都知道訪問者所提情況一旦發生要如何反應。"
_349444b127e0_u007,DPP,L1-03,A Lai's four-pillar formula,True,False,"首先是「保衛國家生存、守護人民生命」,和平靠實力,不是靠侵略者的善意,他當選總統一定會持續強化國防、強化經濟、強化和民主陣營的合作,發揮威懾力量,不卑不亢維持現狀、守護國家生存發展,維護二千三百萬人寶貴性命,國際都有一致共識,台海和平穩定符合各國利益,也是世界安全繁榮的必要元素,反對中國以武力或脅迫改變現狀,國人要相信自己、信賴台灣。"
_383585120389_u005,TPP,L1-03,E China threatens both,True,True,"蕭美琴表示,對外發展最重要目的是維持區域穩定,應確保「和平要靠實力」,壯大經貿、國防實力及深化與各方國際友人空間,面對威權國家用經貿籌碼做政治性脅迫,必須透過民主夥伴交流往來、深化合作,減少脅迫的可能性。"
_383585120389_u009,TPP,L1-01,H other,True,True,"她說,與賴清德一樣對台灣民主和平有著強烈使命,珍惜得來不易的民主自由,也是民進黨數十年來堅持奮鬥的目標,面對複雜國際環境與變局、經濟結構轉型,如何確保台灣在全球經濟扮演關鍵角色、維持強盛經濟活力競爭力,是未來共同努力的目標。"
_3a08a11aaf37_u008,KMT,L1-03,H other,False,True,"「把中華民國當護國神山」賴清德坦承口誤:少講了憲法兩字 賴清德表示,台灣已經從專制獨裁的時代,走向今天民主自由開放的時光,大家要珍惜這一切,也不能走回頭路,未來他當總統一定會凝聚台灣共識,走出一條大家團結的道路,既能夠保護國家、發展經濟,也能夠造福全國人民。"
_3c5ce1c98c79_u014,DPP,L1-03,C achievement list,False,False,"「過去,民進黨站在第一線對抗專制獨裁政權,如今,我們的新使命是守護台灣,並且促進台灣的民主、和平與繁榮。」 宣言也指出,民進黨身為執政黨,從2016年以來,推動各項經濟政策,持續壯大台灣,也積極連結國際盟友,加強合作。"
_3d7693d01dd6_u015,DPP,L1-03,D democratic-alliance + trade,False,False,"捷克廣播電台報導,捷克外交部長利帕夫斯基回應,捷克政府政策相當明確且沒有改變,「施政綱領」強調將強化與印太民主夥伴間經濟、科技合作,台灣也明文在列,他認為帕維爾的想法也非常相似。"
_420c9d37f1e6_u002,KMT,L1-03,D democratic-alliance + trade,False,False,"許淑華表示,中華民國國軍在金門誓死抵抗共軍,守住中華民國的存續,更守住台灣往後數十年,以扎實的經濟和民主自由,向世界民主同盟深化交流的基礎,這是身在台灣的任何政黨、任何人,都無法否定的歷史事實。"
_420c9d37f1e6_u003,KMT,L1-03,H other,False,False,"許淑華認為,面對如今的兩岸局勢,必須感念過去國軍先烈的犧牲,更不能忘記先人們幾十年來的苦心經營與捨身捍衛,所打下的扎實民主自由與經濟基礎,這些是中華民國的根,是台灣人民的本。"
_42989eba36a6_u002,KMT,L1-03,H other,True,True,"總統選舉首場政見會 侯友宜賴清德柯文哲發言一覽 賴清德在政見會上承諾,將為國家社會人民扛起4項重大使命,透過4大和平支柱行動方案、發展5大信賴產業等,保衛國家生存、守護2350萬人生命、照顧全國民眾生活,打造民主和平的台灣。"
_43b9877cdc9c_u041,KMT,L1-06,G page furniture,False,True,總統候選人政見會最終場發言一覽 柯侯賴交鋒校園安全、兩岸議題 副總統候選人政見會 吳欣盈趙少康蕭美琴發言內容一次看 歷屆總統大選中國介選手段一覽 飛彈試射經貿報復擾民心 柯文哲賴清德侯友宜拚2024總統大選 7大政見比一比 侯友宜辯論會火力全開 打賴冷柯意味濃 總統辯論會侯友宜柯文哲圍攻賴清德 激戰憲法兩岸論述 法國外交部賀台灣選舉展現民主 呼籲尊重現狀 新北市議會民進黨團要求侯友宜到會補施政報告 網傳投票箱夾層藏票 查核中心:錯誤訊息 黃珊珊黃國昌扛立院攻防 備戰2026肩負白營母雞重擔 2024/01/01 19:32 2023/12/30 18:06 2023/12/30 17:38 2023/12/30 17:17 2023/12/30 17:10 2023/12/30 17:08
_4768085535b9_u006,TPP,L1-05,H other,True,True,"賴清德引用前總統李登輝的「民之所欲,長在我心」指出,信賴民主目標在司法革新面,一是當民眾有需要時,法律服務必須長在,將法律服務視為人權的一種,無論民眾居住在都市或偏鄉、是否為經濟弱勢,都要提供民眾可近性、普及性、方便性的法律服務。"
_4768085535b9_u010,TPP,L1-03,C achievement list,True,False,"他說,在這國際情勢複雜、兩岸氛圍越益激烈的情況下,只要不忘用和平當目標、民主做指南針,相信以眾人的智慧,以及台灣幾十年來打下來的民主成就、自由成果、經濟實力等,絕對會成功乘風破浪,達到理想目標。"
_4dbcb98e1c97_u007,KMT,L1-03,H other,True,False,"柯文哲強調,2024年,是台灣完成第三波民主化的歷史時刻,民眾黨會在勝選後秉持初衷與理念,致力創造「社會和諧、政黨和解、兩岸和平」,用繁盛的經濟和軟實力,讓台灣成為世界的焦點。"
_50077d8fa192_u009,DPP,L1-01,D democratic-alliance + trade,False,True,"民眾黨如果要藉服貿這件事,挑撥賴清德和蔡英文是沒有效的,因為無論是蔡或賴,兩人路線都是認為台灣要跟美國、日本和其他民主國家進行經貿交流和合作,而不能依賴中國單一市場,大家都對中國保持戒心,若服貿真的上路,台灣經濟會非常慘。"
_50077d8fa192_u012,DPP,L1-03,H other,True,False,"賴瑞隆強調,台灣不能成為「一國兩制」的樣板,國家主權、民主、經濟都不能被犧牲,香港就是血淋淋例子。"
_50d18ba973c1_u014,DPP,L1-06,C achievement list,True,False,"這次非洲各國國會議員及政要等各界友人對蔡總統二度出訪非洲的熱烈歡迎與支持,顯示我國的自由民主、開放的經濟制度,以及藉由踏實外交、互惠互助與非洲國家合作的「台灣模式」,受到非洲友人的認同與肯定。"
_50fc79ba72b7_u004,KMT,L1-06,H other,True,False,"侯友宜自信表示,投給「侯趙配」代表了我國第三波的民主革命,這一票涉及國家安全、社會安全、公平正義和未來經濟發展,兩岸只有和平才能創造安居樂業的環境,以及清明、廉能、有效率的政府,「侯趙配」是在野陣營最強的組合,只有集中選票投給藍營,才能實現政黨輪替、民主制衡。"
_51c7c9109a8a_u003,TPP,L1-03,E China threatens both,False,False,"蔡英文指出:「自從去年峰會以來,我們看見威權政權帶來更多威脅,為了擴大影響力,這些政權積極運用影響力操作,來侵蝕我們對民主體制和自由的信心,並利用錯假訊息及認知戰在海內外分化我們,中國共產黨更是在經濟和政治上,對不同意或質疑其行為的國家、組織及個人升高脅迫手段。」 蔡英文表示,不僅如此,民主聯盟基金會和主席拉斯穆森,"
_52a638378148_u008,TPP,L1-07,C achievement list,True,False,"到場為黨籍候選人助講的行政院長陳建仁,則是提出蔡英文政府8年來的經濟、勞工、衛生、教育、交通等各項政策,以國際都在關注台灣這場大選的重要性,呼籲民眾若未來能享有自由民主法治、和平繁榮,一定要投給民進黨。"
_54efd1e5c1e3_u002,DPP,L1-01,H other,False,False,英經濟陷入40年最疲弱困境 願景一 擺脫歐盟制約 事實上 英國對外貿易力道銳減 願景二 擺脫「歐洲式社會民主模式」緊箍咒 事實上 淪為政治操作 願景三 重新掌握邊境控制權、限制移民 事實上 大量缺工導致成本驟增 前首相強森任內更引入移民積分系統。
_57f812ddd5d1_u026,TPP,L1-03,H other,False,False,"日台是命運共同體,因此日本對台灣的總統選舉很重視,就日本的立場來說,希望台灣可維持自由、民主及自由經濟。"
_5a272d4d5ba4_u008,TPP,L1-03,D democratic-alliance + trade,False,False,"未來我們非常希望能夠加強與葡萄牙的合作關係,包括經濟與安全等合作,增進兩國人民福祉,成為民主國家最重要的夥伴。"
_5acc8f59baa7_u001,DPP,L1-06,B four-slogan list,True,False,他提出「拚經濟、護民主、強國防、保和平」訴求;
_5acc8f59baa7_u009,DPP,L1-03,B four-slogan list,True,False,"他表示,請給他機會帶領國家,團結國人一起拚經濟、護民主、強國防、保和平,共同完成守護台灣、促進民主、和平及繁榮的新時代使命;"
_5c2af3b11db4_u002,TPP,L1-06,H other,False,False,"黃揚明在臉書透露,據綠營內部消息傳出,林飛帆將可望於近期接任由外交部捐助的「財團法人台灣民主基金會」專任副執行長一職,依該基金會公開資訊,現任專任副執行長月薪達11萬餘元,若林比照該薪資待遇聘任,將較過去民進黨副祕書長職務的月薪9萬元更高。"
_5cffad87968c_u007,KMT,L1-03,H other,False,False,"賴副總統指出,媽祖是重要文化信仰,台灣定期改選總統,就已是主權獨立的國家,台灣不屬於任何一個國家,是屬於台灣人民,他祈求天上聖母保佑2024總統大選,國家的主人台灣人民都能根據自己意願,不受外力影響、假訊息干擾,選出最佳人選,組成最負責的團隊,帶領台灣持續走入國際社會,對內發展經濟造顧人民,不僅建構兩岸和平,也能持續推動台灣的發展,在民主的道路上持續壯大台灣。"
_5e83e31eaafd_u014,TPP,L1-03,A Lai's four-pillar formula,True,True,"賴清德提出的4大支柱理念全文如下: 「首先,我們必須建立台灣的威懾力,防禦力是國家安全的基石。在蔡英文總統領導下,我們提高國防預算、實現兵役改革、增強軍隊實力;這些行動增加北京動武的風險和代價達到減少軍事衝突風險的目的。我將加速轉型、強化不對稱作戰,注重成本效益和機動能力。我將在兵力訓練、重組訓練程序、民防、訊息交換上,尋求與民主夥伴和盟友更廣泛的合作。 第二,經濟安全是國家安全。自民主化後,台灣展現強大科技實力。身為前台南市長,我對見證推動下一代技術的半導體產業在台南和台灣各地發展感到驕傲。身為前行政院長,我致力提高工資、減稅、和吸引新投資。 我們的經濟成果為我們帶來機會的同時,也為我們構成了挑戰,對中國貿易的依賴成為被利用的弱點、使我們承受經濟脅迫。我們必須確保供應鏈安全,同時追求能使對外貿易多元化的貿易協定。我將支持本土產業創新,減少不必要的監管措施,努力確保經濟成長的果實更為均衡共享。 第三支柱是基於與全世界民主國家建立夥伴關係。今年,台灣派出全亞洲第一支前往烏克蘭義診的醫療團,協助因戰火受傷的民眾。各國國會議員、非政府組織、智庫和官方代表訪台人數寫下紀錄,這證明儘管中共持續威脅,我們並不孤單。 第四支柱是穩定而有原則的兩岸關係領導能力。近年來,中國切斷交流,堅持九二共識和一個中國框架,習近平視此框架為實現統一的途徑。中國解放軍對台灣、日本和東南海鄰國的威脅行動,加劇區域的軍事緊張局勢。 儘管軍事和經濟挑戰日益增加,我的首要任務仍維持務實與一致性。我將支持兩岸現狀,這也符合中華民國,也就是台灣,以及國際社會的最佳利益。我不排除在對等和尊嚴的原則基礎上,進行無前提條件對話的可能性。 1996年來,儘管很多事情發生變化,但很多事情並沒有改變。中國軍機和軍艦依舊在台海四周活動、試圖影響我們的民主選舉。經濟上的緊張情勢依舊存在。每天我們都被提醒著,永遠不能將自由和民主視作理所當然。然而我現在的承諾和27年前一樣明確:我將永遠為台灣人民和國際社會的和平與穩定努力奮鬥」。"
_5f75de25bc0c_u010,DPP,L1-03,H other,False,True,"賴清德表示,如果台灣向中國再度靠攏,台灣就將失去優勢,外資對台灣的投資更可能暫緩或停止,因此台灣必須要贏得這一仗,為自己贏、讓世界的台灣贏,也贏得全球民主的第一場勝利。"
_6100894074c7_u007,DPP,L1-05,H other,True,True,"楊懿珊承諾會轉達訴求給黨中央,她強調,集會遊行是人民重要民主能量的展現,民進黨絕對支持,也認同台灣歷經疫情衝擊後,現在正是國際經濟秩序重整、社會資源重新分配的關鍵時間點,居住正義、司法改革等確實還有努力的方向,賴清德日前拋出補助私立大學學雜費,也是站在公平正義的改革立場。"
_61a754e03a12_u011,TPP,L1-03,A Lai's four-pillar formula,True,True,"凱道晚會造勢 蔡英文挺賴清德:再相信我一次 賴清德提出「4個保證」,第1個保證是「保衛國家生存,守護人民生命」,和平靠實力,不是靠侵略者善意,他會持續強化國防、強化經濟、強化和民主陣營合作,發揮威懾力量,不卑不亢維持現狀,守護國家生存發展,維護2300萬人寶貴性命。"
_65b70ebeeb33_u009,TPP,L1-07,H other,False,True,黃士修:默契好合作空間大 柯文哲:合作要贏才有用 別導致民進黨又單獨過半 侯辦:若拒納民主初選 民眾黨須為藍白無法合作負責 羅森柏格:拜會賴柯侯不是面試 美國不會選邊站 涉給每人400元支持郭台銘連署 新埔鎮代會主席遭羈押禁見 鬆口見過朱侯 柯文哲:選後設政黨協商委員會 不會整碗捧去 賴清德駁登門拜訪 柯辦:民眾關心的是具體能源政策 藍白合無共識 朱立倫呼籲侯友宜、柯文哲多忍一點 賴清德提加碼技職投資 設學士後專班供深造機會 「人選之人」公視如期28日播出 加字卡導讀強調虛構性 2025/05/23 12:48 2023/10/20 16:11 2023/10/20 13:07 2023/10/19 20:58 2023/10/19 17:10 2023/10/18 17:13
_67481dd74869_u010,KMT,L1-06,C achievement list,False,True,"對於僑界關心國家發展,賴清德也說明,台灣這幾年來在大家共同努力下,不僅在民主自由成就贏得國際社會肯定,經濟也不斷壯大成長。"
_67c0fe50f8a9_u006,KMT,L1-03,E China threatens both,False,False,"他強調,「全世界都對中國做出了決定」,不管是美國對中國撤資或G7對中「去風險化」,我們站在民主陣營,應延續民主自由同盟的世界,若持續回到九二共識、回到跟中國同一個經濟體,我們的經濟就沒有辦法獨立,文化就沒有辦法深根,那樣如何面對台灣下一代?"
_6dac1b78a4c3_u005,TPP,L1-03,D democratic-alliance + trade,False,False,"「我要請各位相信,瓜國將繼續站在中華民國台灣這邊,作為最堅實的邦交國!」賈麥岱表示,雙方將持續深化各領域合作,特別是醫療衛生、經濟及基礎建設方面,作為台灣在國際社會理念相近的國家及民主夥伴,瓜國已經準備好與台灣攜手並進,朝國家發展繁榮的目標前進。"
_6dd655094f83_u002,KMT,L1-06,H other,True,True,"賴清德也在致詞中,提到未來給予台灣人民的「4個承諾」,包含「守護台灣民主自由」、「維持兩岸和平」、「全力拚民生經濟」以及「打擊黑金槍毒」。"
_6dd655094f83_u004,KMT,L1-07,H other,False,False,"蘇貞昌致詞表示,明年台灣及美國的大選舉世矚目,在總統蔡英文的帶領下,全世界都很重視台灣,不只半導體重要,台灣的安全、自由民主都很重要,民主就如同香火,都應該代代傳下去。"
_6f32a0c7337a_u008,DPP,L1-04,A Lai's four-pillar formula,True,True,"賴清德也提出「四大支柱」的政見理念,盼望強化國防、促進經濟、與志同道合的世界民主陣營站在一起,在民主自由與人權的道路上,持續壯大台灣,讓老幼都能安居樂業。"
_6fa42262dc52_u004,TPP,L1-04,H other,True,True,"總統選舉首場政見會 侯友宜賴清德柯文哲發言一覽[影] 在內政議題方面,賴清德表示,他除了要打造民主和平的台灣,還要擴大社會投資,加薪、減稅、少負擔三原則,讓每個人在人生的每個階段都能獲得最大的協助,讓年輕人看到希望、壯年人實現夢想、老人擁有幸福、弱勢者可以得到照顧。"
_7158de126bdc_u016,TPP,L1-06,D democratic-alliance + trade,False,False,"吳欣盈表示,前世界50幾個民主國家都採用「歐盟GDPR個資法」,並在申論環節也主張引進。"
_73b2f99cdd86_u001,DPP,L1-04,H other,False,True,"兼任民進黨主席的副總統賴清德今天說,台灣經濟、民主表現優異,不能再以「行人地獄」惡名現於國際,因此邀請專家進國會。"
_73b2f99cdd86_u006,DPP,L1-06,C achievement list,False,True,"「台灣在國際上,經濟是優等生,民主更是世界的模範生,不可以讓行人地獄這個惡名繼續在我們身上。」賴清德說,台灣要成為自由國家,除了民主自由人權,各方面都要持續進步,因此邀請專家擔任立委共同努力,不要讓台灣行人地獄惡名在出現於國際上,「這不是技術的問題,是決心的問題,眾志成城,我們一定做得到」。"
_76b06263eeff_u001,DPP,L1-06,C achievement list,True,True,"〔記者陳昀/台北報導〕民進黨總統參選人、副總統賴清德今出席「挑戰2032——台灣國家願景系列論壇」時表示,全球產業鏈正在重組、世界各國無不佈局新局面,台灣位處西太平洋第一島鏈,不只是印太和平戰略、民主價值、產業科技安全的重要角色,也是全球重建民主架構非常重要的價值夥伴,期盼將論壇5大面向結論納入競選政見,共同推動國家希望工程,讓台灣達到民主、和平、繁榮3大目標。"
_76bdc335783c_u008,TPP,L1-03,E China threatens both,False,True,"歷屆總統大選中國介選手段一覽 飛彈試射經貿報復擾民心 美媒:中國正透過社群介入選舉 台灣應有能力抵擋 他說,民眾一定要關注介選問題,選他和蕭美琴是粉碎中國介選最有效手段,如果中國要什麼人、那個人也當選,台灣民主將蕩然無存,這就不是選總統,而是特別行政區行政長官;"
_81e29bf712fa_u006,TPP,L1-03,D democratic-alliance + trade,True,False,"台灣有執半導體牛耳、經貿實力全球名列全茅、戰略地位重要等優勢,更重要的是,台灣是民主國家的重要夥伴,台灣若倒了影響甚鉅,許多國家經濟不是崩潰就是停滯,台灣海峽亦有極高經濟及戰略價值,每天經過台海的貨櫃輪占全球百分之四十八,台灣海峽掌控全世界一半的經濟命脈,若中共奪取台灣,國際貿易路線要改寫,"
_8357f298bfa8_u003,DPP,L1-06,C achievement list,True,True,"賴清德會中表示,信賴台灣之友會成立,就是要信賴台灣、守護台灣,壯大中華民國台灣,台灣幾十年來民主進步、國家發展以及經濟成績獲國際肯定,都是大家共同努力的結果,在總統蔡英文帶領下讓國際看到台灣,他要持續守護、壯大民主的台灣。"
_88bbe3d7ce95_u009,TPP,L1-03,A Lai's four-pillar formula,True,False,"他強調,相較其他參選人,他若當選總統,最能夠守護國家安全與國家利益,且已經奠基在蔡總統4大堅持之上,提出和平4大支柱行動方案,包括強化國防國安力量、強化台灣經濟實力、強化台灣與民主陣營關係,以及只要中國能顧及台灣尊嚴與對等,願意伸出橄欖枝與中國對話合作。"
_8a5c2cbcd459_u002,DPP,L1-06,C achievement list,False,True,"賴清德說,他6日以參選人身分,公布國家希望工程國政藍圖,希望結合社會各界力量,打造民主和平、創新繁榮及公義永續的台灣,而他今天是第一次召開記者會,向民眾提出分項政策,主題是0歲到22歲投資未來世代。"
_90ef12c24a58_u002,DPP,L1-03,C achievement list,True,True,"賴清德致詞強調,和平不是低頭求來、也不是對方賜給的,而是以民主及國防為後盾,他並呼籲不要聽信網路假訊息認知作戰,大家秉持過去為台灣民主與經濟發展所拚成果,繼續跟他一起「加油」併肩作戰,守護民主、深化民主,更促進台灣繁榮發展。"
_90ef12c24a58_u005,DPP,L1-03,C achievement list,True,True,"賴清德說,未來他當選總統,將會促進中油升級轉型,繼續扮演過去經濟發展、社會安定的力量,不會因為新時代的來臨而衰退,繼續守護民主,有民主才有自由、有自由才有人權、有人權才有創新,經濟才會進步,盼望大家一起維護珍惜民主成果,絕不向專制獨裁的國家低頭,共同捍衛守護民主,更促進台灣經濟繁榮發展。"
_93764c6770db_u005,TPP,L1-03,A Lai's four-pillar formula,True,True,"針對中國武力威脅,賴清德指出,必須團結人民、強化國防、強化經濟,與民主陣營站在一起,共同發揮威懾的力量,要靠力量保和平。"
_93ee8519910b_u008,KMT,L1-03,A Lai's four-pillar formula,True,False,"他說,他提出國家希望工程,將打造民主和平的台灣,不會跟國民黨一樣走回頭路,甘願淪為極權主義的附庸,會團結人民,強化國防、強化經濟,強化跟民主陣營肩並肩站在一起,只要對等、尊嚴,門永遠是開的,願意跟中國進行交流合作,促進兩岸人民的福祉,他會不卑不亢維持現狀,保護台灣,同時穩定兩岸,也促進印太的和平。"
_964b7465e0a1_u007,KMT,L1-03,D democratic-alliance + trade,True,False,"2019年決定退出時代力量的林昶佐,2020年順利以無黨籍身分連任立委,不時都會有人問他是否要加入民進黨,「我過去談過,當年已答應香港社運領袖黃之鋒以無黨籍的身分籌組台灣國會香港連線,後來提案推動『開放國會行動方案』、參與OGP(開放政府夥伴聯盟)、IPAC(對中政策跨國國會聯盟),這些國際工作都需要協調朝野政黨,維持無黨籍身分比較適切。雖然如此,我總是鼓勵無黨籍的戰友們應該加入民進黨,因為民進黨的大方向符合我們對國家未來、國際定位的看法,且已經有許多戰友在裡面打拚。」 林昶佐接著說:「開始思考入黨,是幾個月前柯文哲說要重啟服貿,而侯友宜立刻跟進的時候。我相當驚訝、意外,因為近年來,服貿議題幾乎已不再出現在台灣的公共議題之中,藍白卻讓這個過時的議題突然重回檯面。無論藍白是無知或是故意,從「重啟服貿」乃至於其許多對中政策,都剛好投中國所好、跟中國配合,無視中國透過經貿來滲透民主國家的嚴重性。實在難以想像藍白過半會對台灣的國家安全,以及經貿發展造成多大的傷害。」 他說,早在幾個月就已有以民進黨一員,為政黨票、為國會過半來努力的想法,之"
_97a0216e8ea3_u004,DPP,L1-03,H other,True,True,"賴清德表示,2024選舉攸關台灣未來前途、民主憲政的延續、後代子孫的幸福,甚至影響印太和平與穩定,重要性可見一斑,各國都非常關注台灣這場選戰,一定要團結合作,未來最重要的是持續壯大民主的道路,並與國際接軌,台灣的經濟可以立足,佈局全球、行銷全世界。"
_991452476e7b_u003,TPP,L1-01,H other,False,False,"地緣政治變化讓民主台灣更有機會發揮所長,數字當然要跟總體經濟專家討論,但他期盼不要低於3.5%,至少3.5%以上,如果4%當然更好。"
_9b7311ef691a_u004,DPP,L1-04,H other,False,True,"賴清德說,未來他若能當選總統,不只會守護台灣促進民主、和平與經濟發展,也會好好照顧國家的主人。"
_9e0d90c323d1_u005,KMT,L1-03,H other,True,True,"賴清德強調,台灣民主自由仰賴前輩們艱辛奮鬥及現在台灣人共同守護,民主是台灣對國際社會貢獻,也是國際友邦最大投資,2024大選很重要,關係整個印太地區安全及全球和平,面對中共侵台野心未減,台灣國防也必須相對因應更加堅實防備,他將會用「民主團結」、「民主治理」、「民主和平」三大行動,持續壯大民主台灣,讓世界看見台灣的價值,擁抱台灣。"
_9f270ee775da_u006,KMT,L1-03,A Lai's four-pillar formula,True,True,"賴清德強調,有主權才有國家,有台灣才有中華民國,他當總統,使命就是守護台灣,也守護中華民國,方法是根據他先前發表的和平四大支柱行動方案,也就是強化國防、強化經濟、強化民主陣營的合作,同時在對等尊嚴之下也願意跟中國交流合作,促進兩岸人民福祉,以保護台灣、穩定兩岸,促進印太和平。"
_a2e603c91872_u009,DPP,L1-03,C achievement list,False,False,"現在不一樣了,國際局勢有很大的變化,特別是中國習近平,改制度擔任第3屆國家主席,讓國際社會人士清醒,看清過去他們認為,只要讓中國經濟繁榮,中國共產主義就會變民主,這樣的推論結果證明是錯誤的。"
_a41729177e4f_u003,DPP,L1-03,D democratic-alliance + trade,False,True,"華爾街日報今刊登賴清德投書,有關「和平4支柱」,包含強化台灣威懾能力、建構經濟安全,與全球民主國家建立夥伴關係,並務實一致地支持兩岸現狀。"
_a41729177e4f_u007,DPP,L1-01,C achievement list,False,False,"賴瑞隆說,堅持這樣的路線,同時也讓台灣的自由民主這幾年在全世界得到高度肯定,台灣經濟基礎成長也累績在這樣的基礎下持續推動;"
_a4e40703886e_u008,TPP,L1-03,E China threatens both,True,False,"透過 Google News 沈伯洋表示,不管是今年美國對中國的撤資,G7決定對中國去風險化,全世界都對中國做出了決定,台灣站在民主自由陣營,應該延續原來的政策,延續與民主自由同盟的世界,若放棄了這點,持續回到九二共識、回到與中國同一個經濟體,那麼台灣的經濟無法獨立、文化無法生根,要怎麼面對下一代。"
_a817b19ff413_u006,TPP,L1-03,A Lai's four-pillar formula,True,True,"賴清德表示,他將在總統蔡英文的四大堅持基礎上推動「和平四大支柱行動方案」,包含強化國防力量、提升經濟安全實力、和民主陣營並肩發揮威懾力量、以及在對等尊嚴前提下和中國交流,增進兩岸人民福祉,永遠堅持台灣的自由民主憲政體制。"
_a8e564f85a2d_u005,TPP,L1-03,D democratic-alliance + trade,True,True,"至於簽署服務貿易協定,賴清德說,這是10年前的事,要簽服貿協定,但中國要求先接受九二共識、一個中國原則,「這方法不對」,他籲請大家要堅定蔡英文總統提出的路線,包含提高國防力量、發展經濟力量等,且要與民主國家站在一起。"
_a9a6c4841824_u004,DPP,L1-06,H other,True,False,"郭台銘表示,基於對台灣政經局勢的憂心,更基於對台灣民主社會的信念,過去幾個月以來,他一直努力號召在野陣營團結整合,因為只有推出1組最強候選人,才能在大選中勝出,但這段時間來,他們看不到針對國家願景與公共政策,有任何實質的討論,特別是「兩岸和平、國際關係、經濟發展、科技升級」,這些攸關台灣未來前途的決定性方針,至今仍流於空洞的陳述。"
_ac2769317556_u008,DPP,L1-03,E China threatens both,True,False,"副總統也提及外國訪賓訪台的觀感說,不論來自美國、日本、歐盟等國家訪賓及民間人士,都很難想像台灣站在印太區域第一島鏈,直接面對來自中國威脅,但台灣對民主的堅持卻如此堅定,井然有序的生活、經濟更不斷發展,都讓訪賓們非常讚歎。"
_ac813a53ae11_u000,DPP,L1-01,C achievement list,False,True,"賴清德與磐石會企業人士合影,允諾會全力讓台灣經濟更繁榮發展,承諾會保護台灣得來不易的民主成果。"
_ac813a53ae11_u001,DPP,L1-03,C achievement list,False,True,"〔記者蔡淑媛/台中報導〕副總統賴清德今天出席磐石會會長交接典禮表示,政府會全力讓台灣經濟更繁榮發展,更承諾會保護台灣得來不易的民主成果,絕不放棄追求和平,而和平只有經由力量才能得到,「懦弱是最大的挑釁,給予侵略者的政治企圖」,"
_ac813a53ae11_u003,DPP,L1-03,D democratic-alliance + trade,True,True,"賴清德也重申近日提及中國如果攻打台灣,不但台灣受到傷害,中國也因此辜負幾10年台商對中國經濟發展的貢獻,造成世界重大災難,包括中國本身都要承受、也難以承受得起,認為全世界應該看到台灣良善的力量,台灣希望在民主世界成為MVP,呼籲大家共同挺台灣、成為台灣隊,此番話也獲得現場與會者熱烈掌聲。"
_ac813a53ae11_u005,DPP,L1-03,C achievement list,True,True,"賴清德表示,如沒有民主保障,國際公司、創意研發公司無法持續發展,為了守住台灣,在蔡英文領導下推動全民國防,強調「和平靠國防、國防靠全民」強調和平只有經由力量才能得到,懦弱是最大的挑釁,給予侵略者的政治企圖,所以強化我國國防,是保護自己、民主成果、經濟成就,及人民的生活。"
_b0e011a7bee2_u017,DPP,L1-03,C achievement list,False,False,"他指出,台灣可以跟美國講,未來整個全世界的和平穩定、民主自由的拓展或是經濟繁榮發展,台灣是可以有貢獻的,台灣已從過去接受美援,變成可幫助別人;"
_b17f2fe5f024_u006,TPP,L1-01,D democratic-alliance + trade,False,False,"蔡總統細數台灣產業、供應鏈近年來的發展,尤其是疫情期間,民主國家能做到不封城,人民和政府團結一起克服疫病的挑戰。"
_b17f2fe5f024_u011,TPP,L1-07,C achievement list,False,False,"他也感嘆這次選舉有很多口水,但台灣民主受到國際肯定,經濟成就、社會照顧都有明顯進展,相信汗水與努力可以被看見。"
_b2d3d7ff0ed5_u000,TPP,L1-03,H other,True,False,"前考試院長關中16日在民主文教基金會「美國霸權的衰退與墮落」研討會中表示,台灣和中國同文同種、血脈相連、經濟來往密切,「實在想不出什麼理由抗中反中」,他認為所有問題都是因為美國而起,是美國蓄意要為難中國。"
_b2fc4e56d2c7_u015,DPP,L1-03,A Lai's four-pillar formula,True,True,"賴清德日前投書「華爾街日報」,敘述未來當選總統將全力強化國防嚇阻力、提升經濟安全、展開民主夥伴合作,並維護兩岸現狀,透過此「四個支柱」帶來台海的永續和平與國家的繁榮。"
_b48bc1546a1a_u007,DPP,L1-06,H other,False,True,"賴清德曾表示當選後,將堅守民主自由的生活方式,維持和平並發展經濟,這就是為什麼必須選擇賴清德來領導台灣。"
_b68cff57f1ce_u016,TPP,L1-02,D democratic-alliance + trade,False,False,"陳怡君對此表示,台灣任何民間企業增減資及轉投資都依照法令登載及核准,是自由民主國家資本流動的常態,而柯文哲則是領著公帑批著公款,拿國家的土地及人民的財產去媚共賣台,民眾黨發言人此般的護航邏輯,深深不敢恭維。"
_b6dd51024d8f_u013,TPP,L1-03,D democratic-alliance + trade,False,True,"賴清德說,台灣除持續增進國防力量,同時也藉此厚植國防產業,提升台灣經濟發展,並與民主陣營站在同陣線,共同發揮力量。"
_bc018b5fde07_u000,TPP,L1-03,H other,False,True,"副總統賴清德今天在台灣資安大會表示,因為地緣政治變化,資訊安全產業每一位從業人員都在第一線面對假消息、網路攻擊,守護國家,資安即國安,確保民主延續,才能有和平。"
_bd03d0a618ef_u012,TPP,L1-03,D democratic-alliance + trade,True,False,"同時也會與民主夥伴合作穩固邦交國、推廣台灣國際參與、展開產業鏈的進一步合作,並共同維護印太地區和平穩定。"
_c2e0875f5fa0_u002,DPP,L1-06,C achievement list,False,True,"賴清德指出,自總統蔡英文上任後,台灣各項指標跟經濟面都進步許多,可惜在野黨及許多名嘴散播錯誤訊息,這個成績是全國民眾一起拚出來的,就連國際朋友都肯定蔡總統維護和平成績,自己當選後願意基於這個基礎,繼續在民主道路壯大台灣;"
_c76a4fd33977_u006,TPP,L1-06,C achievement list,False,True,"藍白政黨協商共識:民調決勝負 18日公布結果 藍白整合民調定正副 聯合政府國民黨建設發展民眾黨監督制衡 賴清德表示,台灣人民過去數十年共同打拚,堅持民主價值、追求自由人權,得到國際社會肯定,特別是台灣產業發展。"
_c979e9abc24c_u006,DPP,L1-04,H other,True,False,"鄭文燦也說,大溪是文化的故鄉,大溪有許多台灣味的地方,當市長這8年來大溪老城區獲得中央支持,讓大溪老街變得不一樣,走進大溪老街就是走進歷史,大溪也是神的故鄉,關聖帝君生日眾神都來祝福,30多個社頭從1914年至今100多年遶境沒中斷,要給大溪傳統鼓勵,這是大溪的第2個過年,是生活的一部分,今天祝壽典禮希望眾神保佑,希望台灣經濟、民主、和平都能獲得保障。"
_ca5080a72103_u043,TPP,L1-03,D democratic-alliance + trade,True,False,"台灣一定要發揮關鍵的力量,透過民主活力,深化民主夥伴關係,除了加強區域安全合作之外,也應該要透過民主自由價值、公衛醫療經驗,半導體產業鏈,或是宗教自由、體育交流、青年服務、以及學術研究等等的成就,來攜手理念相同的國家,成立民主和平共同體,維護台海、印太以及世界的和平。"
_ca6b22e77477_u003,DPP,L1-03,H other,False,False,"透過 Google News 蔡總統說,為何國際社會要保護台灣,因為台灣是民主自由的世界標竿,保護台灣就是保護世界民主自由,且台灣在全球供應鏈扮演非常關鍵角色,若某天台灣不生產半導體,世界產量將減半,加上台灣有許多產業關鍵零組件製造能力,及台灣附近水域若被阻礙,世界經濟將受很大影響,因此西方國家有共識要守護台灣。"
_cbe1497ac2bd_u007,KMT,L1-01,H other,False,True,"賴清德致詞時表示,這次的選舉在政治上是民主與獨裁的選擇,在經濟上則是要讓台灣的產業走向世界,還是走向中國的回頭路,要選擇對的人、選對的路。"
_cea778b68875_u052,DPP,L1-01,H other,True,False,"更重要的是,我們有讓國際信任的民主治理,結合領先全球的技術競爭力、完整健全的產業生態系,我們已經向全世界證明了,臺灣是全球供應體系中最可靠、最有效率、最安全的合作夥伴。"
_d69a9f9be2bf_u009,DPP,L1-03,D democratic-alliance + trade,False,True,"賴清德說,對和平有理想,但不能妄想,一定要靠實力,要增加國防實力,也要增加經濟力量,並與民主陣營站在一起,共同發揮力量,確保和平安全。"
_d7006d34d398_u008,KMT,L1-03,H other,True,False,"侯友宜強調,美國一直是堅定盟友,民主自由是雙方的共同價值,尤其在貿易經濟、科技產業、人才交流等面向上,更有深刻密切的互動,作為美國的長期夥伴,台灣必須為區域的和平穩定,負起責任,維護彼此的共同價值,建立一個穩健務實,且可預期的合作關係。"
_d7cad9bbb45c_u010,KMT,L1-03,A Lai's four-pillar formula,True,False,"他指出,對和平要有理想不能有幻想,在中國尚未放棄對台動用武力之前,他會落實和平四大支柱方案,強化民眾保家衛國的意識、強化國防、強化經濟、強化與民主陣營的合作。"
_d8fc5a9d9f76_u017,DPP,L1-06,D democratic-alliance + trade,True,True,"她強調,國家的整體實力成長,來自於全民的共同努力,我們是民主國家,所有的數據都是公開透明,但預算跟財政問題涉及高度專業,繁雜的數據確實容易被誤解,希望所有公眾人物討論時能基於事實、善盡查證,「我的任期剩下不到一年,所以,執政團隊沒有一天可以鬆懈,每一天,都要為台灣下一個階段的發展,打下更好、更堅實的基礎。」 今日與會者尚包括賴清德副總統、總統府秘書長林佳龍、國家安全會議秘書長顧立雄、行政院副院長鄭文燦、秘書長李孟諺、中央銀行總裁楊金龍、國家發展委員會主任委員龔明鑫、國防部長邱國正、總統府副秘書長黃重諺、張惇涵、副主計長陳慧娟、經濟部次長林全能、財政部國庫署署長蕭家旗等。"
_d9e10f1458db_u002,DPP,L1-03,H other,True,False,"朱立倫並指出,馬英九非常認同親美、友日、和陸的路線,認為走對的路才能真正捍衛中華民國、守護台灣民主,維護兩岸和平,國民黨必須有安全穩健的能源政策,才能確保台灣的經濟發展。"
_da75b72672c1_u006,DPP,L1-06,H other,False,False,"他說,民主和平就是嚴守民主自由的體制,維持兩岸和平,創新團結就是要繼續拚經濟,推動產業轉型,至於公益永續,則是要延續總統蔡英文的長照、0到6歲國家養與減輕青年負擔的社會政策。"
_db02c5bbb69f_u010,TPP,L1-06,C achievement list,False,True,"賴清德也提到,在蔡總統領導下,全民團結一致走對的路,讓台灣民主成為世界模範生、經濟優等生,國際社會也對台灣比出大拇指;"
_e017384aa55c_u000,DPP,L1-06,H other,True,True,"賴清德發表國政願景 朱敬一說明六大關鍵字 2023/10/3 18:48 (10/3 18:56 更新) (中央社記者葉素萍台北3日電)民進黨總統參選人賴清德今天發表「創新經濟.智慧國家」國政願景,中研院院士朱敬一以青平台顧問身分與會,他並說明六大關鍵字,包括年輕世代、金融體系、社會支撐、自由民主、淨零轉型與護國群山。"
_e33b78d639cd_u017,KMT,L1-03,G page furniture,False,True,(譯者:張正芊/核稿:陳彥鈞)1130105 分析:不論台灣誰當選 美穩定對中關係目標都受考驗 總統立委選舉公報這裡查 柯文哲賴清德侯友宜學經歷政見一次看 中選會公開總統、立委候選人網路版選舉公報 總統候選人辯論會媒體提問一覽 賴清德侯友宜柯文哲交叉攻防 經濟學人:台灣大選對中國是近在眼前危機 日經:柯文哲尋求第三勢力突圍 對中國議題模稜兩可 侯友宜提本外勞薪資脫鉤 全產總反對 法國外交部賀台灣選舉展現民主 呼籲尊重現狀 新北市議會民進黨團要求侯友宜到會補施政報告 大馬人權展納台灣元素 展出鄭南榕太陽花學運等事蹟 柯文哲向綠支持者喊話 愛民進黨就要讓民進黨下台 2024/01/27 18:36 2024/01/12 14:58 2024/01/09 19:24 2024/01/05 20:43 2024/01/05 09:00 2023/12/19 06:28
_e356ea2a1905_u000,DPP,L1-04,C achievement list,False,True,"出席保全業後援會 賴清德:持續推動保障權益 2023/9/2 12:48 (9/2 13:26 更新) (中央社記者蘇木春台中2日電)民主進步黨總統參選人賴清德今天出席全國保全產業後援會成立大會,他會中表示,保全業一定要繼續壯大,他會繼續推動修改保全業法,進一步保障保全業的權益、改善工作環境。"
_e356ea2a1905_u007,DPP,L1-03,D democratic-alliance + trade,False,True,"面對中國的文攻武嚇,賴清德強調,要提升國家的民防、國安力量,未來除了繼續支持蔡總統的政策,長遠來說提升國防力量,也能提升產業力,也要和民主陣營站在一起,發揮團隊力量,讓中國不會輕舉妄動。"
_e4506093fdd3_u000,DPP,L1-03,A Lai's four-pillar formula,False,True,"嘉義助選 賴清德:提高國防強化經濟 避免中國妄動 2024/1/2 14:16 (1/2 14:42 更新) (中央社記者黃國芳嘉義縣2日電)民進黨總統候選人賴清德今天表示,中國若沒有放棄武力攻打台灣,台灣就要做好準備,不僅要提高國防力量、強化經濟實力,並與民主陣營站在一起發揮力量,避免中國輕舉妄動。"
_e4506093fdd3_u005,DPP,L1-03,A Lai's four-pillar formula,False,True,"賴清德表示,面臨中國威脅,台灣不能退縮,雖然台灣是愛好和平的國家,人民與人為善,但中國若沒有放棄對台灣武力攻打,那台灣也要做好準備,一方面要提高國防力量、強化經濟實力並與民主陣營站在一起發揮力量,避免中國輕舉妄動,這是總統蔡英文目前所帶領的路線,也是未來自己要落實的方式。"
_e4a6abbcf570_u007,KMT,L1-03,A Lai's four-pillar formula,True,True,"賴清德表示,他會團結國人、強化國防、強化經濟,也強化民主陣營的合作,但只要能夠對等尊嚴,他也會跟中國進行交流合作,增進兩岸人民的福祉,以謀求兩岸和平的發展。"
_e9563208e5d7_u005,KMT,L1-01,H other,False,True,"賴清德說,嘉市素有民主聖地之稱、豐富的阿里山林業文化及藝術文化,他擔任行政院長時,核定20億元加強阿里山小火車沿線安全,現任行政院長陳建仁日前宣示大阿里山地區將投入60億元建設計畫,在過去的基礎上擴大,可以帶來嘉市更多經濟發展。"
_ecabcded7d07_u034,KMT,L1-03,G page furniture,True,False,"台灣的外交部長吳釗燮日前警告:「全球2024年有40場以上的重要民主選舉,如果中國在台灣得逞,就會利用這套經驗去干預其他國家的選舉。」(譯者:曾依璇/核稿:嚴思祺)1130112 泰晤士報:中國試圖以「空戰」影響台灣選舉結果 台灣大選牽動美中未來發展 CNN:可能改變世界 歷屆總統大選中國介選手段一覽 飛彈試射經貿報復擾民心 陸委會:中共介選花招多 已掌握低價旅遊、假訊息、賭盤等案 學者:中國一邊喊打一邊喊和 經濟脅迫介選 台東市第3胎補助6萬元 3寶爸還想拚第4胎 台東連續2年新生兒正成長 饒慶鈴:友善育兒環境 2024/01/27 18:36 2024/01/13 20:02 2024/01/13 19:49 2024/01/12 14:58 2024/01/09 19:24 2024/01/05 20:43"
_ecfadc25727b_u000,KMT,L1-03,H other,False,True,"(10/21 22:51 更新) (中央社記者葉臻桃園21日電)民進黨主席暨總統參選人賴清德今天到桃園替立委參選人站台,他表示,現在的選舉是民主、光明的,國內的經濟力一年比一年好,大家應該團結打拚,不能輕易放棄主權。"
_f27e10ff9626_u006,TPP,L1-03,D democratic-alliance + trade,False,True,"透過 Google News 賴清德指出,他提出要強化國防與經濟力量,也會與民主陣營肩並肩站在一起,共同發揮力量,這才是守護台灣安全的正確作法,盼民眾選對人讓台灣走向世界迎向未來,不要走回頭路。"
_f2d594702ef1_u004,TPP,L1-04,H other,False,True,"杜若薇表示,她來自熱愛民主自由的家庭,母親張郁芬因求學與工作旅居美國26年,依然心繫台灣,積極參與僑務工作,賴清德8月過境美國時,母親也帶著她一同出席舊金山僑宴,賴清德在僑宴中的台語演說令人動容,除了探討台灣歷史文化的重要性、對世界經濟的影響力,也深入闡述對半導體與AI產業的發展願景,「我感覺他都是在講他真的想做的事,也是一個台灣很好的代表」。"
_f5c022628fef_u006,TPP,L1-03,E China threatens both,True,True,"除了經貿關係外,賴清德也希望能促進台美國家安全進一步合作,台灣會竭力維持印太和平與穩定,因為戰爭沒有贏家、和平是無價的,但面對中國威脅,台灣除了做好準備、增強國防武力之外,也希望與民主陣營站在一起,共同發揮威懾力量,並希望透過RSC的協助,讓美國持續提供台灣必要的武器,並能及時送達。"
_f6db20f1037c_u006,KMT,L1-06,D democratic-alliance + trade,False,False,"第三,台灣是國際社會的一員,是自由民主陣營重要夥伴,在全球產業分工、智慧科技發展中,更扮演重要角色。"
_f6db20f1037c_u007,KMT,L1-06,C achievement list,True,True,"賴清德表示,國際社會對台灣的一致看法是可以信賴的夥伴、充滿活力的民主,這是台灣的品牌價值,既為台灣帶來經濟繁榮,也為台灣帶來民主保障,這場選舉的結果將告訴全世界,這個品牌價值是否繼續維持提升,這個民主社會是否依舊活力滿滿、不怕困難,這塊土地上的人民始終保持善良、堅韌、樂觀、積極。"
_f9ed79754473_u007,TPP,L1-03,E China threatens both,False,False,"並要持續深化民主,面對中國大陸的野心勃勃,要避免民主及台灣主權被侵害,在經濟上走出對紅色供應鏈的依賴同時,持續布局政治外交,實現有尊嚴的和平。"
_fb0e4d768d05_u002,TPP,L1-07,C achievement list,False,True,"賴清德致詞表示,2016年台灣選對了總統蔡英文,選了正確道路,台灣目前是世界民主模範生,也是世界經濟優等生,同時也證明台灣是世界上一股良善的力量。"
_fc626a182240_u006,TPP,L1-03,H other,False,False,"網傳假冒總統投資廣告 刑事局:後製影片勿受騙 多年來,中國一直用不正確的訊息和陰謀論,打擊台灣的資訊生態系統,嘗試破壞台灣民主並分化當地民眾,以企圖控制台灣。"
meeting1_4957d93a478b_u005,TPP,L1-07,H other,False,False,"所以经济国人能够在总统、副总统支持耐心的消灭型之外,在立伟不管是区域或是不分区域都能够支持迷伊朗所推荐民主大联盟优秀的人选,我们一起承担台湾下一个阶段的责任,我们一起来拜托大家,也谢谢大家好,谢谢。 杨红。"
meeting1_9ac2b9b49f9c_u004,TPP,L1-03,H other,False,False,"美国是台湾最重要的盟帮,美台在安全一体、经贸关系及民主价值上都有密切关系。"
总统辩论_3c9723712c15_u059,DPP,L1-06,H other,False,False,"我会团结国人,强化国防,强化经济,强化跟民主阵营肩并肩站在一起。"
总统辩论_e76e2f37b3f6_u146,DPP,L1-06,H other,False,True,"赖清德: 我刚刚在申论的时候也已经跟大家报告,就是说我会团结国人强化国防,强化经济也强化民主阵营的合作。"
