signifier,n,mean_load,any_code,pct_DPP,pct_KMT,pct_TPP,code_01,code_02,code_03,code_04,code_05,code_06,code_07,code_08
台灣,5134,1.37,0.76,25.65,23.66,24.3,18.0,5.5,2.0,7.3,23.3,20.4,44.1,16.0
中華民國,697,1.75,0.85,2.33,5.45,2.67,60.7,9.8,0.6,9.6,18.7,20.1,39.6,16.1
中華民族類,55,1.2,0.73,0.13,0.53,0.18,14.5,5.5,0.0,9.1,38.2,14.5,27.3,10.9
主權,388,2.06,0.83,2.0,1.38,2.07,61.9,19.6,1.3,8.5,33.2,7.7,42.8,31.2
民主,1165,2.19,0.9,6.78,4.22,5.54,22.2,10.0,0.7,12.1,25.6,16.7,56.1,75.5
和平,986,1.64,0.85,4.7,5.67,4.06,21.0,4.3,1.1,7.3,30.6,10.9,64.2,24.6
戰爭,379,1.52,0.81,1.87,2.24,1.46,10.6,4.0,0.0,7.4,61.7,12.9,44.6,10.6
九二共識,226,1.33,0.72,0.53,1.88,0.97,21.7,14.6,0.0,11.5,37.6,7.5,28.8,11.5
台獨,417,1.09,0.63,1.76,3.65,1.01,18.9,7.4,1.2,6.7,31.2,7.2,27.6,9.1
