doc_id,unit_id,sentence,role,prev,next,speakers,targets,proc_symbolic_flag,event_phase,unit_hash,unit_dup_flag,source,date,preprocessed_text,hard_rule_keep,hard_rule_reason,policy_gate,policy_gate_reason,priority_keep,semantic_status,semantic_similarity,nli_status,nli_score,key_hit,final_status,_source_file,_corpus_tier,debate_short_review,id,custom_id,source_file,source_relpath,L1_label,L1_reasoning,L1_error,L2_labels,L2_reasoning,L2_error,L1_run1,L2_run1,L1_run2,L2_run2,L1_run3,L2_run3,_min_jaccard_L2
副总统辩论_a4a3572e071e,副总统辩论_a4a3572e071e_u289,"马英九执政的时候一百二十几个缅迁国,包括美国,一个邦交国,都没有丢那他到底丢了什么主权呢?",context,为什么我们有经济实力。,"赵少康: 你们常常讲说这是他卖了主权,他出卖了什么主权呢?","[{""name"": ""民进党"", ""party"": ""DPP""}]",[],False,,24313965149e72aac1dd8465bdb5dd7a,False,副总统辩论,,"马英九执政的时候一百二十几个缅迁国,包括美国,一个邦交国,都没有丢那他到底丢了什么主权呢?",True,institution_only,True,gate: 2 inst terms,False,KEEP,0.520527303,,,True,KEEP,02_conference_datasets/vice_president_units.csv,3,,3242,req_741d5cd926ff48cab15f41165d95230f,merged_deduped.csv,merged_deduped.csv,L1-03,主權是否被出賣之辯護，安全框架，非單純政策,,L2-01|L2-03|L2-06,邦交國不減→主權完好之辯；主權爭議本身→L2-01；以國際承認數量作論據→L2-03；隱含成就與自豪→L2-06,,L1-03,L2-01|L2-06,L1-03,L2-01,L1-03,L2-01|L2-06,0.5
_cd49f6a3cdd9,_cd49f6a3cdd9_u001,"〔記者陳政宇/台北報導〕前總統李登輝百年誕辰紀念新書發表暨學術討論會今(29)日登場,李登輝基金會董事長李安妮表示,「歷史」具有被遺忘性,甚至是歷經民主化的70歲老先生,都可以忘卻民主、並說「民主可以當飯吃嗎」,她期盼活化李登輝所留下的歷史文化價值,幫助大家成為一個有歷史感、有記憶的人。",claim,,"她指出,陳儀深日前提及李登輝任內做的很多事都是「台獨基礎工程」,但就她個人解讀,這都是一個朝向台灣的意志,不但要建構台灣這樣的國家,還要把台灣人給建構起來,鼓勵國人要有自信心、建立主體意識。",[],[],False,,5ae6041b6a3901491f8b5670ea662c86,False,03_Lai_ltn_news,2023-07-29 22:10:16,"(記者劉信德攝) 2023/07/29 22:10 〔記者陳政宇/台北報導〕前總統李登輝百年誕辰紀念新書發表暨學術討論會今(29)日登場,李登輝基金會董事長李安妮表示,「歷史」具有被遺忘性,甚至是歷經民主化的70歲老先生,都可以忘卻民主、並說「民主可以當飯吃嗎」,她期盼活化李登輝所留下的歷史文化價值,幫助大家成為一個有歷史感、有記憶的人。",True,institution_only,True,gate: core_election,False,KEEP,0.5735052227973938,,,True,KEEP,01_news_datasets/03_Lai_ltn_news_units.csv,1,,8022,req_88b1d4a6b415497dae082ebf8ddaa85c,merged_deduped.csv,merged_deduped.csv,L1-04,談民主價值與歷史記憶，偏人文關懷，非制度,,L2-04|L2-08,民主化歷史+民主被遺忘→L2-04；民主可不可以當飯吃→民主價值爭議→L2-08,,L1-04,L2-04|L2-08,L1-04,L2-04|L2-08,L1-04,L2-04|L2-08,1.0
_4b1d44cb0f55,_4b1d44cb0f55_u003,"矢板明夫今下午在臉書發文悼念辜寬敏,「我第一次和辜先生直接接觸,是在3年前的一次餐會上。我和辜先生的座位隔著幾個人,但辜先生聽到主持人介紹說,我就是經常出現在媒體上的矢板明夫時,立刻就招手叫我過去。我走到近前,辜先生突然拿出了一個長長的皮夾就要打開,我吃了一驚,差一點以為辜先生是要給我拿錢。沒想到,皮夾打開以後,就看到內側貼著一行大字『做一個堂堂正正的台灣人』。」 矢板明夫接著說:「辜先生指著這行字用日語對我說,『我雖然在日本住過很多年,但我不是日本人、我也不是中國人,我是一個堂堂正正的台灣人。我希望以後所有的台灣人,不管身在哪一國,都能夠挺起胸膛告訴別人:我是一個堂堂正正的台灣人』。辜先生這幾句話說得很慢,但每一個字都清晰有力,讓人有一種莫名的感動。」 後來辜寬敏還特別邀請矢板明夫到其辦公室繼續暢談,介紹自己多年來從事台獨運動的心路歷程,更拜託矢板明夫把台灣人的聲音和想法,更多的傳遞到國際社會上去,",quote,"〔即時新聞/綜合報導〕總統府資政、台灣制憲基金會董事長辜寬敏今天(27日)上午辭世,享耆壽97歲,各界紛表哀悼。",,[],[],False,,12dc6ad48c4aeccff9483381b41194fc,False,02_Ke_ltn_news,2023-02-27 17:03:46,"矢板明夫今下午在臉書發文悼念辜寬敏,「我第一次和辜先生直接接觸,是在3年前的一次餐會上。我和辜先生的座位隔著幾個人,但辜先生聽到主持人介紹說,我就是經常出現在媒體上的矢板明夫時,立刻就招手叫我過去。我走到近前,辜先生突然拿出了一個長長的皮夾就要打開,我吃了一驚,差一點以為辜先生是要給我拿錢。沒想到,皮夾打開以後,就看到內側貼著一行大字『做一個堂堂正正的台灣人』。」 矢板明夫接著說:「辜先生指著這行字用日語對我說,『我雖然在日本住過很多年,但我不是日本人、我也不是中國人,我是一個堂堂正正的台灣人。我希望以後所有的台灣人,不管身在哪一國,都能夠挺起胸膛告訴別人:我是一個堂堂正正的台灣人』。辜先生這幾句話說得很慢,但每一個字都清晰有力,讓人有一種莫名的感動。」 後來辜寬敏還特別邀請矢板明夫到其辦公室繼續暢談,介紹自己多年來從事台獨運動的心路歷程,更拜託矢板明夫把台灣人的聲音和想法,更多的傳遞到國際社會上去,",True,institution_only,True,gate: taiwanicity=2,True,KEEP,1.0,KEEP,1.0,False,KEEP,01_news_datasets/02_Ke_ltn_news_units.csv,1,,1654,req_20ee48ee115f4be79734795109402b23,merged_deduped.csv,merged_deduped.csv,L1-07,悼念與感動情緒敘事，非道德評價,,L2-02|L2-06|L2-07,不是日本人也不是中國人→L2-02；堂堂正正的台灣人→L2-06；希望所有台灣人挺起胸膛→L2-07,,L1-04,L2-01|L2-02|L2-07,L1-04,L2-01|L2-02|L2-07,L1-07,L2-02|L2-04|L2-07,0.5
_c18dcdf67380,_c18dcdf67380_u008,"透過 Google News 他呼籲民眾,支持中國最不喜歡的候選人,讓他高票當選,是粉碎中國介選最好的手段,千萬不要支持中國指定的人選,否則以後台灣的總統都是中國指定。",claim,"賴清德表示,台灣人應同聲譴責中國介入選舉,回顧台灣每一場重大選舉,中國都會介入,這次是變本加厲最嚴重的一次。","賴清德說,未來他擔任總統,根據中華民國憲法、現行法律推動國政,這也是總統蔡英文一貫的立場,也是未來他會走的路線。",[],[],False,,529b1bc4f6b3634a4e3454460e99f098,False,01_Ho_chinatimes_news,2024-01-01 15:51:00,"透過 Google News 他呼籲民眾,支持中國最不喜歡的候選人,讓他高票當選,是粉碎中國介選最好的手段,千萬不要支持中國指定的人選,否則以後台灣的總統都是中國指定。",True,institution_only,True,gate: taiwanicity=2,True,KEEP,1.0,KEEP,1.0,True,KEEP,01_news_datasets/01_Ho_chinatimes_news_units.csv,1,,7300,req_385079e67a60415ab53a964dbc624a6f,merged_deduped.csv,merged_deduped.csv,L1-03,中國介選威脅與主權存續，排除L1-06,,L2-02|L2-05|L2-07,中國介選威脅、以後總統都中國指定→L2-05；呼籲支持特定候選人、粉碎介選→L2-07；中國指定vs台灣選→L2-02,,L1-03,L2-05|L2-07,L1-03,L2-05|L2-07,L1-03,L2-05|L2-07,1.0
_a41729177e4f,_a41729177e4f_u008,"穩健、維持現狀這樣的路線,才是台灣當前最重要的一個路線,如果急切接受「九二共識」、「一國兩制」、服貿等,讓台灣陷入不安狀況,不是台灣人民所樂見。",context,"賴瑞隆說,堅持這樣的路線,同時也讓台灣的自由民主這幾年在全世界得到高度肯定,台灣經濟基礎成長也累績在這樣的基礎下持續推動;","「我們支持賴副這樣的路線,也肯定賴副在美國投書再次闡釋他的路線,期待這樣的路線能夠得到台灣人民支持之後,繼續讓台灣走向全世界,也讓兩岸之間能夠和平相處。",[],[],False,,f72b033d2d544ba3be9f1a342d550dd3,False,03_Lai_ltn_news,2023-07-05 17:53:55,"穩健、維持現狀這樣的路線,才是台灣當前最重要的一個路線,如果急切接受「九二共識」、「一國兩制」、服貿等,讓台灣陷入不安狀況,不是台灣人民所樂見。",True,institution_only,True,gate: taiwanicity=2,True,KEEP,1.0,KEEP,1.0,True,KEEP,01_news_datasets/03_Lai_ltn_news_units.csv,1,,21780,req_7be2732bd7684109b4b7355a7a6b82cd,merged_deduped.csv,merged_deduped.csv,L1-03,兩岸路線與一國兩制威脅，主權安全,,L2-05|L2-06|L2-08,九二共識/一國兩制/服貿讓台灣陷入不安→L2-05；台灣人民不樂見→隱含值得更好治理→L2-06；最重要路線、價值選擇→L2-08,,L1-03,L2-05|L2-07,L1-03,L2-05|L2-06,L1-03,L2-05|L2-06,0.3333333333333333
_da9df33c5dec,_da9df33c5dec_u004,"一項期待已久、允許科索沃公民無需簽證即可前往歐洲申根地區的歐盟簽證自由化計畫,已於1月1日正式生效,西班牙跟著採取行動,承認科索沃護照。",context,"科索沃外交部長格瓦拉-施瓦茲(Donika Gervalla-Schwarz)在舊稱推特(Twitter)的社群平台X發文說:「西班牙2024年1月1日起承認科索沃護照,科索沃公民現在可以前往西班牙。」 科索沃2008年宣布脫離塞爾維亞獨立,獲得歐盟22個成員國的承認,但西班牙、斯洛伐克、賽普勒斯、羅馬尼亞、希臘這5個歐盟國並不承認人口180萬的科索沃。","這項計畫允許科索沃公民以免簽證方式赴申根國家,在任何180天期間內可停留最多90天。",[],[],False,,ba2661f209e46d4de2ebf03bb294ab50,False,03_Lai_chinatimes_news,2024-01-07 09:51:00,"一項期待已久、允許科索沃公民無需簽證即可前往歐洲申根地區的歐盟簽證自由化計畫,已於1月1日正式生效,西班牙跟著採取行動,承認科索沃護照。",True,institution_only,False,,False,DROP,0.0573076680302619,,,False,REVIEW,01_news_datasets/03_Lai_chinatimes_news_units.csv,1,,16374,req_5c3e0b7550214f8895180e79657554e5,merged_deduped.csv,merged_deduped.csv,L1-03,外交與國際承認，屬主權與安全；非單純政策,,L2-03,科索沃公民免簽、承認科索沃護照→國際體系中的正當性→L2-03,,L1-06,L2-03,L1-06,L2-03,L1-03,L2-03,1.0
_10f59ea249bf,_10f59ea249bf_u015,(編輯:楊蘭軒)1121217 柯文哲賴清德侯友宜拚2024總統大選 7大政見比一比 少子化政見 全教總:3黨參選人未脫灑幣式補助 小笠原欣幸:選戰態勢膠著賴仍領先 侯緊追、柯略下滑 外媒報大選:兩岸未來、政壇魔咒、選民激情添看點 選票流向攸關勝負 年輕人擺脫意識型態看政見投票 侯友宜:我的理念是台灣中間路線 團結共榮共好 侯辦:民進黨追殺合法凱旋苑是綠色恐怖 國中生割頸案 賴清德:投更多資源不讓遺憾再發生 謝金河遭冒名投資詐騙 Google:正在處理問題 認知作戰對象?,context,"賴清德表示,他自己是從基層出身,也接受很多基層意見,記點制涉及重複處罰、罰錢又記點等問題,還有牽涉工作權,以及地方政府跟中央政府各項配套措施尚未完備,這些基層意見都值得做政策檢討。",,"[{""name"": ""賴清德"", ""party"": ""DPP""}, {""name"": ""侯友宜"", ""party"": ""KMT""}, {""name"": ""柯文哲"", ""party"": ""TPP""}, {""name"": ""民進黨"", ""party"": ""DPP""}]","[""兩岸|cross-strait""]",False,debate/manifesto,a499f0a013ca80bce2fc6f57383140d1,False,01_Ho_chinatimes_news,2023-12-17 22:26:00,(編輯:楊蘭軒)1121217 柯文哲賴清德侯友宜拚2024總統大選 7大政見比一比 少子化政見 全教總:3黨參選人未脫灑幣式補助 小笠原欣幸:選戰態勢膠著賴仍領先 侯緊追、柯略下滑 外媒報大選:兩岸未來、政壇魔咒、選民激情添看點 選票流向攸關勝負 年輕人擺脫意識型態看政見投票 侯友宜:我的理念是台灣中間路線 團結共榮共好 侯辦:民進黨追殺合法凱旋苑是綠色恐怖 國中生割頸案 賴清德:投更多資源不讓遺憾再發生 謝金河遭冒名投資詐騙 Google:正在處理問題 認知作戰對象?,True,cooccur: actor×institution,True,gate: taiwanicity=3,True,KEEP,1.0,KEEP,1.0,True,KEEP,01_news_datasets/01_Ho_chinatimes_news_units.csv,1,,14474,req_6c61489f2ea54c80b03ac34bfd8ba71a,merged_deduped.csv,merged_deduped.csv,L1-06,選戰與政見綜合報導，偏政策與選舉,,L2-01|L2-05|L2-07,總統大選、兩岸未來、台灣中間路線→主權與國家路線隱含；選戰膠著、選票流向攸關勝負→動員氛圍；認知作戰→威脅設定,,L1-07,L2-05,L1-07,L2-01|L2-05|L2-07|L2-08,L1-06,L2-05|L2-06|L2-07,0.25
_420c9d37f1e6,_420c9d37f1e6_u004,"許淑華指出,八二三砲戰原先該是感念先烈守護中華民國台灣的紀念日,但令人遺憾的是,意圖參選總統的鴻海創辦人郭台銘把重要日子當成選舉造勢場,拋出表面打高空,實則意在與國民黨爭政治地盤的主張,把國軍的犧牲當成自己造勢的子彈。",claim,"許淑華認為,面對如今的兩岸局勢,必須感念過去國軍先烈的犧牲,更不能忘記先人們幾十年來的苦心經營與捨身捍衛,所打下的扎實民主自由與經濟基礎,這些是中華民國的根,是台灣人民的本。","許淑華質疑,代表國民黨參選總統的新北市長侯友宜,選擇在中共戰機持續繞台的時刻,在踏在無數先烈犧牲守護的土地上,堂而皇之的喊出要興建金廈大橋,美之名為「和平」,實則是對中華民國國軍先烈的踐踏,更是無知地無視如今的全球政經局勢。","[{""name"": ""國民黨"", ""party"": ""KMT""}]",[],True,campaigning,48f8452d78436cedb4daf79806dd00cc,False,01_Ho_ltn_news,2023/8/23 18:46,"許淑華指出,八二三砲戰原先該是感念先烈守護中華民國台灣的紀念日,但令人遺憾的是,意圖參選總統的鴻海創辦人郭台銘把重要日子當成選舉造勢場,拋出表面打高空,實則意在與國民黨爭政治地盤的主張,把國軍的犧牲當成自己造勢的子彈。",True,cooccur: actor×institution,True,gate: taiwanicity=2,True,KEEP,1.0,KEEP,1.0,True,KEEP,01_news_datasets/01_Ho_ltn_news_units.csv,1,,6490,req_a41d500c65f94ff9a239b3e2a21c8a1e,merged_deduped.csv,merged_deduped.csv,L1-02,批評郭台銘操弄紀念日選舉造勢，道德譴責非安全議題,,L2-01|L2-04|L2-06,八二三砲戰、先烈守護→L2-04；守護中華民國台灣→L2-01；批評踐踏先烈犧牲→隱含國家應被尊重→L2-06,,L1-02,L2-04|L2-05,L1-02,L2-01|L2-04,L1-02,L2-01|L2-04|L2-06,0.25
_b37306b3b813,_b37306b3b813_u003,"對此,鴻海28日表示,不會參與政治活動,集團屬於海內外全體投資大眾擁有,希望透過全球地位,協助所在24個地區當地經濟發展及就業機會。",claim,"經歷:鴻海集團創辦人鴻海董事長模具同業公會理事長 8月28日宣布參選2024總統,並指出4年前已將鴻海經營權交出去,這期間他完全沒有管公司,如果中共政權說要沒收鴻海財產,他會說「Yes,please,do it」;",(編輯:張均懋)1120902 郭台銘參選2024總統 鴻海:不會參與政治活動 郭辦:9月領表登記後正式展開連署 民眾稍安勿躁 談在野整合 朱立倫:侯柯郭多見面溝通是民眾期待 學者:中共軍演頻密 源自獨裁者不安全感 郭台銘參選可以躺著選?,[],[],False,,4132024e511221e4e6bf5d119b7c18d3,False,03_Lai_chinatimes_news,2023-09-02 20:42:00,"對此,鴻海28日表示,不會參與政治活動,集團屬於海內外全體投資大眾擁有,希望透過全球地位,協助所在24個地區當地經濟發展及就業機會。",True,institution_only,True,gate: 2 inst terms,False,REVIEW,0.3897734880447387,,,True,KEEP,01_news_datasets/03_Lai_chinatimes_news_units.csv,1,,5774,req_202c91075dbc49b0af6afe2736a172cd,merged_deduped.csv,merged_deduped.csv,L1-01,談企業角色與經濟發展就業，排除施政管理,,L2-06,全球地位、24個地區經濟發展與就業→國際成就與角色展演→L2-06,,L1-01,,L1-01,,L1-01,,1.0
_9b1061ee8d9e,_9b1061ee8d9e_u018,(編輯:張芷瑄)1120810 聯大2758決議50年 一窺美國政策的變與不變 鄧振中:台美貿易倡議首簽協定 重要國家有意參考 美對台3.45億美元軍援 學者:視同準盟邦具戰略意義 美前次卿柯拉克再訪台灣 強化美台私部門連結 越戰密件吹哨者艾茲柏格逝 揭露政府謊言好萊塢翻拍成電影,context,"這也意味著,現狀其實就是「事實上」(de facto)獨立,台灣是運作良好的民主政體,有自己的政府、國家認同、外交部、國防部及貿易政策,且1949年以來從未被中華人民共和國統治過。",,[],[],False,,e2da7055b3556149c2b3aabcef39c88d,False,02_Ke_chinatimes_news,2023-08-10 07:41:00,"(編輯:張芷瑄)1120810 聯大2758決議50年 一窺美國政策的變與不變 鄧振中:台美貿易倡議首簽協定 重要國家有意參考 美對台3.45億美元軍援 學者:視同準盟邦具戰略意義 美前次卿柯拉克再訪台灣 強化美台私部門連結 越戰密件吹哨者艾茲柏格逝 揭露政府謊言好萊塢翻拍成電影 本網站之文字、圖片及影音,非經授權,不得轉載、公開播送或公開傳輸及利用。",True,institution_only,True,gate: 3 inst terms,False,KEEP,0.6074205040931702,,,False,KEEP,01_news_datasets/02_Ke_chinatimes_news_units.csv,1,,19996,req_7b9475fc204d43baad874666bb8c66d7,merged_deduped.csv,merged_deduped.csv,L1-03,美對台軍援與準盟邦戰略意義，安全框架，非單純政策,,L2-03|L2-05|L2-06,聯大2758決議、美台貿易倡議、軍援、準盟邦→L2-03；軍援、戰略意義→L2-05；美台連結、國際關注與肯定→L2-06,,L1-03,L2-01|L2-03|L2-05|L2-06,L1-03,L2-03|L2-05|L2-06,L1-03,L2-01|L2-03|L2-05|L2-06,0.75
_1c87523956d7,_1c87523956d7_u000,"追思鄭南榕 賴清德:台灣不能再出現外來統治 2023/4/7 13:12 (4/7 14:01 更新) (中央社記者王朝鈺新北7日電)副總統賴清德今天說,台灣要避免再次出現過去黑暗年代,最重要就是絕對不能再出現外來的統治,要做自己的主人,面臨外來極權威脅,大家要團結一致,共同打拚守護台灣。",claim,,"鄭南榕基金會今天在新北市金山區金寶山自由之翼紀念墓園舉辦「鄭南榕殉道34週年追思紀念會」,賴副總統、鄭南榕基金會董事長、鄭南榕的女兒鄭竹梅、鄭南榕遺孀葉菊蘭等人出席,活動一開始先默思1分鐘,賴副總統致詞結束後,與鄭竹梅一同獻花。","[{""name"": ""賴清德"", ""party"": ""DPP""}]",[],False,,61fe9eb6679416a0cdac27a4cb0245b8,False,03_Lai_chinatimes_news,2023-04-07 13:12:00,"追思鄭南榕 賴清德:台灣不能再出現外來統治 2023/4/7 13:12 (4/7 14:01 更新) (中央社記者王朝鈺新北7日電)副總統賴清德今天說,台灣要避免再次出現過去黑暗年代,最重要就是絕對不能再出現外來的統治,要做自己的主人,面臨外來極權威脅,大家要團結一致,共同打拚守護台灣。",True,cooccur: actor×institution,True,gate: taiwanicity=2,True,KEEP,1.0,KEEP,1.0,True,KEEP,01_news_datasets/03_Lai_chinatimes_news_units.csv,1,,8622,req_36a79eb82c0b4efa85326adb13a63d3e,merged_deduped.csv,merged_deduped.csv,L1-03,外來極權威脅與守護台灣主權，排除L1-06,,L2-01|L2-04|L2-05|L2-07|L2-08,外來統治/極權威脅→L2-05；做自己的主人→L2-01；黑暗年代→L2-04；團結一致共同打拚守護台灣→L2-07；極權vs主人→L2-08,,L1-03,L2-01|L2-02|L2-05|L2-07|L2-08,L1-03,L2-01|L2-05|L2-07|L2-08,L1-03,L2-02|L2-05|L2-07|L2-08,0.6
_57f812ddd5d1,_57f812ddd5d1_u026,"日台是命運共同體,因此日本對台灣的總統選舉很重視,就日本的立場來說,希望台灣可維持自由、民主及自由經濟。",claim,"櫻井良子表示,2024年台灣總統大選,相信不只會改變台灣的命運,也可能影響到日本的命運,甚至整個亞洲的未來。",(編輯:高照芬)1120607 NHK專訪 柯文哲:兩岸不往來比吵架更可怕 柯文哲會晤日本前首相等政要 獲允諾助台入CPTPP 密會日本前首相麻生太郎 柯文哲:討論台日中關係 郭台銘預告下週與柯侯見面:在等柯文哲電話 一代醫人杜聰明漫畫發表 柯文哲:令人景仰的人物 批共軍擾台 謝長廷與翁達瑞指應跟著文明走 羅智強挺高虹安扯特別費案 謝長廷:躺著也中槍,[],[],False,,252f3d00f611dda5bf9f9800e2c58362,False,02_Ke_chinatimes_news,2023-06-07 21:31:00,"日台是命運共同體,因此日本對台灣的總統選舉很重視,就日本的立場來說,希望台灣可維持自由、民主及自由經濟。",True,institution_only,True,gate: taiwanicity=2,True,KEEP,1.0,KEEP,1.0,True,KEEP,01_news_datasets/02_Ke_chinatimes_news_units.csv,1,,3336,req_84530b8d90654cf793bbc5705b28d6b2,merged_deduped.csv,merged_deduped.csv,L1-03,台日命運共同體與台灣自由民主，主體=國家安全,,L2-02|L2-08,日台命運共同體→L2-02；希望台灣維持自由、民主及自由經濟→L2-08,,L1-03,L2-02|L2-08,L1-03,L2-02|L2-08,L1-03,L2-02|L2-08,1.0
_a2da7ad0d2fc,_a2da7ad0d2fc_u009,"一九九七年後香港主權移交中國,香港在亞銀會籍改為「Hong Kong, China」,我方一再抗議台港不同,亞銀故創造出「逗點後不空一格」方式表達我國會籍「Taipei,China」,與香港做些微區別。",context,"我國當時為表抗議,暫停出席年會,一九八八年在李登輝總統主政下務實參加,但在桌牌旁放置「抗議中」,表達不滿。","外交部發言人劉永健昨表示,亞銀受到中國施壓擅改我國會籍名稱,但我國仍保有正式的會籍至今,會員權利並未受到影響。",[],[],False,,d9385af338565befd0bf3c731477a60d,False,03_Lai_ltn_news,2023-05-03 05:30:00,"一九九七年後香港主權移交中國,香港在亞銀會籍改為「Hong Kong, China」,我方一再抗議台港不同,亞銀故創造出「逗點後不空一格」方式表達我國會籍「Taipei,China」,與香港做些微區別。",True,institution_only,True,gate: 2 inst terms,False,KEEP,0.5149413347244263,,,True,KEEP,01_news_datasets/03_Lai_ltn_news_units.csv,1,,19166,req_f522c7edd26c4b2887821547da380154,merged_deduped.csv,merged_deduped.csv,L1-03,主權稱謂與中國施壓，屬外交安全,,L2-01|L2-02,香港主權移交中國→L2-01；台港不同→L2-02；我國會籍名稱被區別→主權地位與國家行為者→L2-01,,L1-03,L2-01|L2-02,L1-03,L2-01|L2-02|L2-06,L1-03,L2-01|L2-02|L2-03,0.5
_844270716fb6,_844270716fb6_u005,"她呼籲,請北京當局不要再稱台灣是中國神聖不可分割的一部分,也不要痛責台獨,如果深切了解馬關條約,就知道台獨是歷史必然發展。",claim,"中方稱「台灣被日本霸占半個世紀的歷史,是中華民族近代屈辱的縮影,給兩岸同胞留下剜心之痛」,這些是外界比較少注意到的。","她質疑,台灣的前後任總統,一個親中、一個親美,一個主張兩岸同屬一中,一個主張中華民國和中華人民共和國互不隸屬,到底誰要把台灣烏克蘭化?",[],[],False,,3b6f74cf5ed677315fe14a0da664032d,False,02_Ke_ltn_news,2023-04-17 13:14:45,"她呼籲,請北京當局不要再稱台灣是中國神聖不可分割的一部分,也不要痛責台獨,如果深切了解馬關條約,就知道台獨是歷史必然發展。",True,institution_only,True,gate: taiwanicity=2,True,KEEP,1.0,KEEP,1.0,False,KEEP,01_news_datasets/02_Ke_ltn_news_units.csv,1,,5246,req_e8127b2beb164b80ba856537f72f73e7,merged_deduped.csv,merged_deduped.csv,L1-03,兩岸主權與台獨正當性辯護，非單純政策,,L2-02|L2-04|L2-07,「不要再稱台灣是中國一部分」→L2-02；「呼籲北京當局」→L2-07；「台獨是歷史必然發展」→L2-04,,L1-03,L2-01|L2-04,L1-03,L2-01|L2-04|L2-07,L1-03,L2-01|L2-02|L2-04|L2-07,0.5
_165bb93589c9,_165bb93589c9_u002,"金門檢方說,將在3月20日向法務部國際及兩岸事務司,請求根據「海峽兩岸共同打擊犯罪及司法互助協議」,向中國要求遣返陳嘉壎。",claim,"〔記者吳正庭/金門報導〕金防部烈嶼守備大隊二膽守備隊志願役上兵陳嘉壎失聯後現身中國,金門地檢署今天(17日)認定「逃兵」事實,依違反陸海空軍刑法第39條、40條發布通緝,追訴時效20年。","陳嘉壎「不假離營」,隔天就有消息傳出,他穿著救生衣在海上體力不支,被中國海警救起,接著金門籍立委陳玉珍查證指他「人在中國」,陸委會後來證實陳嘉壎在中國廈門。",[],"[""兩岸|cross-strait""]",False,,7c887e3d6612dab68b87d421f7803bf2,False,02_Ke_ltn_news,2023-03-17 23:04:50,"金門檢方說,將在3月20日向法務部國際及兩岸事務司,請求根據「海峽兩岸共同打擊犯罪及司法互助協議」,向中國要求遣返陳嘉壎。",True,institution_only,True,gate: 2 inst terms,False,KEEP,0.4379384815692901,,,True,KEEP,01_news_datasets/02_Ke_ltn_news_units.csv,1,,10950,req_b0653df01f584f8c8440f28975c2abf1,merged_deduped.csv,merged_deduped.csv,L1-06,兩岸司法互助程序，主角為制度非主權,,L2-03,依協議向中國請求遣返→兩岸司法互助協議、國際/兩岸規範運用→L2-03；無主權宣示、無威脅/動員等其他面向,,L1-06,L2-01,L1-06,L2-01,L1-06,L2-01,1.0
_d4c8ba631e68,_d4c8ba631e68_u008,"侯友宜指出,這次出訪,他將拜會日本國會議員,向日本政界、僑胞和日本民眾問好,讓日本能夠更了解中華民國為維護區域和平穩定,以及堅定台灣民主自由制度的決心,這是他這次出訪最重要的目的,一起為中華民國、一起為台灣加油。",claim,"侯友宜此行預計拜會日本國會議員、日本台灣交流協會、僑界友人等,並接受日本媒體NHK、朝日新聞的專訪。",(編輯:郭無患)1120731 侯友宜不排斥侯習會 促賴清德說清楚贊成或反對台獨 傳柯侯郭下週見面 侯友宜:謝謝關心 工商協進會盼ECFA延續 促政府加強協助中小企業 鄭文燦:政府預算皆受監督 債務管控屬國際前段班,"[{""name"": ""侯友宜"", ""party"": ""KMT""}]",[],False,,2db8eb2a7f7adf6f73548ebdffb28379,False,01_Ho_chinatimes_news,2023-07-31 08:23:00,"侯友宜指出,這次出訪,他將拜會日本國會議員,向日本政界、僑胞和日本民眾問好,讓日本能夠更了解中華民國為維護區域和平穩定,以及堅定台灣民主自由制度的決心,這是他這次出訪最重要的目的,一起為中華民國、一起為台灣加油。",True,cooccur: actor×institution,True,gate: actor×inst,False,KEEP,0.4780642986297607,,,False,KEEP,01_news_datasets/01_Ho_chinatimes_news_units.csv,1,,4064,req_0bd3b3d781094ee48a2d5f7b3e4bbbe2,merged_deduped.csv,merged_deduped.csv,L1-03,外交出訪強調維護區域和平與民主自由→安全,,L2-01|L2-07|L2-08,以中華民國名義出訪→L2-01；維護區域和平穩定→主權行為→L2-01；台灣民主自由制度→L2-08；一起為中華民國/台灣加油→L2-07,,L1-03,L2-01|L2-07|L2-08,L1-03,L2-01|L2-07|L2-08,L1-03,L2-01|L2-05|L2-07|L2-08,0.75
_32c67d8674c0,_32c67d8674c0_u009,"不過,報導提到,在北京全面毀棄對香港的「一國兩制」政策承諾後,即便是傳統上傾向與北京維持較友善關係的國民黨也被迫公開反對中國為台灣擘劃「一國兩制」未來。",claim,"國民黨國際部主任黃介正說,若由「錯誤的政黨」贏得選舉,台灣將成為「地球上最危險的地方」。","賴清德競選總部發言人趙怡翔說,國民黨主張賴清德勝選會給台灣帶來危險,這是「刻意無視台灣面臨的政治現實」。","[{""name"": ""國民黨"", ""party"": ""KMT""}]",[],False,,6777d9aa3f7b0d1fd1d183edc5bb4b8b,False,03_Lai_chinatimes_news,2024-01-07 19:50:00,"不過,報導提到,在北京全面毀棄對香港的「一國兩制」政策承諾後,即便是傳統上傾向與北京維持較友善關係的國民黨也被迫公開反對中國為台灣擘劃「一國兩制」未來。",True,cooccur: actor×institution,True,gate: actor×inst,False,KEEP,0.4866623878479004,,,True,KEEP,01_news_datasets/03_Lai_chinatimes_news_units.csv,1,,9081,req_9ef5f4909230423caffb699ffcc4d369,merged_deduped.csv,merged_deduped.csv,L1-03,中國一國兩制威脅主權，屬安全議題，非單純政策,,L2-01|L2-02|L2-05,反對中國為台灣擘劃一國兩制→主權/未來自主→L2-01；一國兩制香港經驗vs台灣未來→差異邊界→L2-02；中國為台灣擘劃未來的危險含意→L2-05,,L1-03,L2-02|L2-05,L1-03,L2-01|L2-02|L2-05,L1-03,L2-02|L2-05,0.6666666666666666
_d9fbebb12013,_d9fbebb12013_u012,"書中指出,蘇貞昌沒料到蔡總統會提出擔任行政院長的邀約,為此慎重思考,因為行政院責任重大,一點失誤就會萬箭穿心,同時也要擔負總統立委大選勝敗之責,若扛不住,恐賠掉民進黨的未來。",claim,"更沒想到,蔡總統再次約見面時,就是邀請他擔任行政院長,且三顧茅廬。","蘇貞昌在新書裡回憶,當時只有立委吳秉叡說,「如果民進黨生死存亡之際,臨危不救,歷史怎麼評斷蘇貞昌?」他最後決定扛下重擔,並認為政府應該做得更好,不能讓中國跟傾中勢力,就這樣把台灣擊潰。","[{""name"": ""民進黨"", ""party"": ""DPP""}]",[],False,,ea3414f66c0a14cafa4fa82c7d6a6689,False,03_Lai_chinatimes_news,2023-09-29 19:24:00,"書中指出,蘇貞昌沒料到蔡總統會提出擔任行政院長的邀約,為此慎重思考,因為行政院責任重大,一點失誤就會萬箭穿心,同時也要擔負總統立委大選勝敗之責,若扛不住,恐賠掉民進黨的未來。",True,cooccur: actor×institution,True,gate: taiwanicity=2,True,KEEP,1.0,KEEP,1.0,True,KEEP,01_news_datasets/03_Lai_chinatimes_news_units.csv,1,,20670,req_e891312f460343aa8d0e3a8579f39fc4,merged_deduped.csv,merged_deduped.csv,L1-06,談行政院長職責與執政成敗，屬政府管理，非安全威脅,,L2-06,「賠掉民進黨的未來」→隱含國家/政黨應有更好前途標準→L2-06；無主權、威脅、動員等其他明確訊號,,L1-06,L2-06,L1-06,,L1-06,,0.0
_5f80246997f2,_5f80246997f2_u011,已故前總統李登輝也曾在一九九五年訪問該校並演講。,context,"報導指出,知情人士透露,蔡總統訪美目前有三種方案:一是應邀參加母校康乃爾大學的活動,並發表演講;","二是參加美國智庫主辦的活動,而過去幾年內,蔡總統也多次在美國指標性智庫舉辦的研討會上,透過視訊發表演講。",[],[],False,,06746ed2f74e826cee1c897392140c63,False,02_Ke_ltn_news,2023-02-26 05:30:00,已故前總統李登輝也曾在一九九五年訪問該校並演講。,True,institution_only,True,gate: core_election,False,KEEP,0.5343841314315796,,,True,KEEP,01_news_datasets/02_Ke_ltn_news_units.csv,1,,593,req_c8010b0f2cb74c79818aa0bb30c48f3a,merged_deduped.csv,merged_deduped.csv,L1-06,描述歷史訪問行程，屬政策與外交安排,,L2-01|L2-04,李登輝1995訪美演講→以國家元首身分從事外交→L2-01；具名歷史事件連結當下訪美方案→L2-04,,L1-03,L2-01|L2-04,L1-03,L2-01|L2-04,L1-03,L2-01,0.5
_ed22340b6e7a,_ed22340b6e7a_u004,"舉辦六四象徵台灣在民主化之後,對於國際社會和自由世界的一種責任,這不單純是一個兩岸或是中國國內的問題。",context,"包括民間司法改革基金會、人權公約施行監督聯盟及華人民主書院協會等多個民間團體今舉行「威權擴張捍民主 凝聚星火撐自由」「六四」34週年紀念晚會暨當代民主藝術展記者會,宣布6月4日當天將在中正紀念堂民主大道舉行活動。","曾建元強調,明年是台灣的總統大選,各政黨都有候選人參與,目前台灣正在戰爭威脅下,他相信今年六四活動當天,中共軍機也一定會灰色侵犯台海空域。",[],"[""兩岸|cross-strait""]",False,,a518c4332c62d2588181ecdd375efb68,False,03_Lai_ltn_news,2023-05-20 15:56:23,"舉辦六四象徵台灣在民主化之後,對於國際社會和自由世界的一種責任,這不單純是一個兩岸或是中國國內的問題。",True,institution_only,True,gate: 2 inst terms,False,KEEP,0.6495246887207031,,,True,KEEP,01_news_datasets/03_Lai_ltn_news_units.csv,1,,14524,req_95d166abc19349bf9703de2384fd30ce,merged_deduped.csv,merged_deduped.csv,L1-06,民主價值與責任論述，非安全威脅,,L2-04|L2-07|L2-08,六四+台灣民主化責任→L2-04；民主化、自由世界責任→L2-08；責任、非單純兩岸問題→L2-07,,L1-06,L2-03|L2-08,L1-04,L2-01|L2-02|L2-04|L2-08,L1-06,L2-03|L2-04|L2-08,0.2
柯文哲专访_ef48a257ba5a,柯文哲专访_ef48a257ba5a_u068,"柯文哲: 所以,2017世代,为什么蔡英文可以上去用中华民国总统,蔡英文,女士,她用这个态度上去开幕的台湾在哪一次国际会议。",context,"柯文哲: 我就开始讲香港问题结果发现他非常克制自己为了表达一国两制,绕来,绕去,不过整个记者会开完。",说是台独他的选项。,"[{""name"": ""柯文哲"", ""party"": ""TPP""}]",[],False,,bd761bd2c13c1206f3cdf681d678cf64,False,柯文哲专访,,"柯文哲: 所以,2017世代,为什么蔡英文可以上去用中华民国总统,蔡英文,女士,她用这个态度上去开幕的台湾在哪一次国际会议。",True,cooccur: actor×institution,True,gate: actor×inst,False,KEEP,0.730542302,,,False,KEEP,02_conference_datasets/Interview_ko_units.csv,3,,16655,req_0f3f89e37aa44dce859f690fad64a99a,merged_deduped.csv,merged_deduped.csv,L1-03,談蔡英文以中華民國總統身分出席國際會議，屬主權與國際地位,,L2-01|L2-03,質疑「蔡英文以中華民國總統身分在國際會議開幕」→主權行為者展演L2-01；國際會議場合被點出→國際體系位置論證L2-03,,L1-03,L2-01,L1-06,L2-01|L2-03,L1-03,L2-01|L2-03,0.5
_c41c9e40ea6b,_c41c9e40ea6b_u005,"他詢問賴清德,未來要怎麼走下去,美國不支持台獨,「你跟美國的立場是一樣還是不一樣」。",claim,"侯友宜說,如果證據充分,人家不會講話,但里長去吃頓飯就被抓去辦,民進黨立委趙天麟「去親中」沒有事情,而賴清德2014年去大陸「有沒有接受落地招待」。","侯友宜說,柯文哲講的維持現狀,這個現狀不是現在民進黨執政的這個現狀,這是兩岸即將瀕臨戰爭的現狀,這個現狀要靠國民黨穩定兩岸局勢,親美和中才有辦法解決事情。","[{""name"": ""賴清德"", ""party"": ""DPP""}]",[],False,,c1475080ccc83d99ecf1f2c01b3b437b,False,01_Ho_chinatimes_news,2023-12-30 16:08:00,"他詢問賴清德,未來要怎麼走下去,美國不支持台獨,「你跟美國的立場是一樣還是不一樣」。",True,cooccur: actor×institution,True,gate: actor×inst,False,KEEP,0.4421051740646362,,,False,KEEP,01_news_datasets/01_Ho_chinatimes_news_units.csv,1,,16996,req_f749c02b544a417f9376cc745bf4af34,merged_deduped.csv,merged_deduped.csv,L1-03,兩岸與美國立場、主權安全議題，非單純政策,,L2-03,美國不支持台獨→涉國際立場L2-03；問「未來要怎麼走下去」涉兩岸路線但無明確威脅→暫不標L2-05,,L1-03,L2-01|L2-03,L1-03,L2-01|L2-02,L1-03,L2-03,0.0
_be0c724717a2,_be0c724717a2_u010,"陳菊表示,台灣歷經38年的戒嚴統治,當時人民的基本權益都被限縮,沒有言論自由、沒有集會遊行權;",claim,"陳菊也說,她一生最大的追求,「就是希望大家沒有恐懼的生存。」 陳菊指出,本屆作品議題多元,涵蓋「世界人權宣言」各條文所提倡的普世價值,由創作者發揮創意,結合世人所關主的人權議題,如今年全球引起聚焦的反性騷#METOO運動、勞工權利、言論自由、烏俄戰爭及緬甸內戰等,感受到創作者關心人權,她身為人權工作者,真的非常謝謝大家。",,[],[],True,,18ca1c423b4175e488cd352c41be81bb,False,02_Ke_ltn_news,2023-12-10 16:36:08,"陳菊表示,台灣歷經38年的戒嚴統治,當時人民的基本權益都被限縮,沒有言論自由、沒有集會遊行權;",True,institution_only,False,,False,KEEP,0.5226951837539673,,,False,REVIEW,01_news_datasets/02_Ke_ltn_news_units.csv,1,,2211,req_b5095b4e5943474fa132a6b8b3fe66cf,merged_deduped.csv,merged_deduped.csv,L1-04,談威權統治限縮權利，主軸人權與自由，非程序,,L2-04|L2-05|L2-08,戒嚴統治、言論自由被限縮→歷史記憶模板→L2-04；人權與自由被壓制→威脅敘事延伸→L2-05；民主自由、人權價值凸顯→L2-08,,L1-05,L2-04|L2-05|L2-08,L1-05,L2-04|L2-08,L1-05,L2-04|L2-05|L2-08,0.6666666666666666
_39a5f106b912,_39a5f106b912_u006,"在北京當局鎮壓香港異議人士之後,兩岸和平統一後台灣享有高度自治權的規劃安排,對於台灣人已沒有太大吸引力。",context,"這是華爾街日報對主要候選人進行的3次訪問之一,侯友宜還說,最重要的是處理好台灣國防和經濟,至少要防止對方隨意發動戰爭。","儘管過去台灣選舉都環繞在到底應該邁向或遠離兩岸最終統一的議題,但明年1月總統大選的各候選人都認同,面對中國,台灣現在唯一的選擇是拖延時間,爭論焦點只是在於如何做到這一點。",[],"[""兩岸|cross-strait""]",False,,a97aad2137e441139309ceb21063749c,False,02_Ke_chinatimes_news,2023-12-29 22:19:00,"在北京當局鎮壓香港異議人士之後,兩岸和平統一後台灣享有高度自治權的規劃安排,對於台灣人已沒有太大吸引力。",True,institution_only,True,gate: taiwanicity=2,True,KEEP,1.0,KEEP,1.0,True,KEEP,01_news_datasets/02_Ke_chinatimes_news_units.csv,1,,14899,req_b6f2fb8920b94df0bfc6dc1a51c1e264,merged_deduped.csv,merged_deduped.csv,L1-03,主權與中國威脅下的安全感受，非單純政策,,L2-01|L2-02|L2-05,鎮壓香港異議人士→L2-05；兩岸和平統一、高度自治權→L2-01；對台灣人已無吸引力→與中國模式差異→L2-02,,L1-03,L2-01|L2-02|L2-05,L1-03,L2-02|L2-05,L1-03,L2-01|L2-02|L2-05,0.6666666666666666
_679ff90984cb,_679ff90984cb_u000,"藍:民進黨扭曲開羅宣言 賴清德應說清楚台獨態度 2023/12/1 17:13 (中央社記者劉冠廷台北1日電)國民黨今天表示,「開羅宣言」是台澎主權歸還給中華民國的象徵,如今民進黨與民進黨總統參選人賴清德明明要選中華民國的公職,卻又扭曲開羅宣言,延伸出各種「台獨」主張,呼籲賴清德應將對台獨的態度說清楚講明白,不要再閃躲。",claim,,"開羅宣言80週年,國民黨召開記者會,未出席的國民黨副總統參選人趙少康透過影片表示,開羅宣言簽署80週年,是不可被否定的歷史事實,台灣與澎湖群島的主權不是「未定」,而是明確屬於中華民國,開羅宣言是中華民國歷史上的重大時刻,躍上國際舞台的象徵,任何否定中華民國擁有台灣主權管轄、主張台獨的政治語言,都是對歷史和法理地位的無視。","[{""name"": ""賴清德"", ""party"": ""DPP""}, {""name"": ""民進黨"", ""party"": ""DPP""}, {""name"": ""國民黨"", ""party"": ""KMT""}]",[],False,,3782189d9c56f873419ab9077fafb61f,False,03_Lai_chinatimes_news,2023-12-01 17:13:00,"藍:民進黨扭曲開羅宣言 賴清德應說清楚台獨態度 2023/12/1 17:13 (中央社記者劉冠廷台北1日電)國民黨今天表示,「開羅宣言」是台澎主權歸還給中華民國的象徵,如今民進黨與民進黨總統參選人賴清德明明要選中華民國的公職,卻又扭曲開羅宣言,延伸出各種「台獨」主張,呼籲賴清德應將對台獨的態度說清楚講明白,不要再閃躲。",True,cooccur: actor×institution,True,gate: taiwanicity=3,True,KEEP,1.0,KEEP,1.0,True,KEEP,01_news_datasets/03_Lai_chinatimes_news_units.csv,1,,4918,req_ec3b5bd71c134d7dbcd49ba82ca62e98,merged_deduped.csv,merged_deduped.csv,L1-03,主權與台獨立場攻防，屬安全/主權,,L2-01|L2-04|L2-05,「台澎主權歸還給中華民國」→L2-01；開羅宣言歷史意義爭辯→L2-04；「台獨主張」作為威脅指涉→L2-05,,L1-03,L2-01|L2-04|L2-05|L2-07,L1-03,L2-01|L2-03|L2-04|L2-07,L1-03,L2-01|L2-04|L2-05,0.4
_ff4754bd104f,_ff4754bd104f_u005,"史明在2019年過世後,生前在新莊的故居已在2021年整修為「史明文物館」對外公開,原本預定接著進行整修的池袋新珍味大樓,將4樓的樓層整修為紀念館,但受到疫情影響計畫停擺。",context,"史明的故居「新珍味」是位於東京池袋西口的街角的一家中式餐館,於1955年開業,史明經營新珍味不但為了生計,也攢下大筆的建國資金,這裡也是他撰寫「台灣人四百年史」的地方,過往更是台獨運動者聚集的建國基地,現今仍吸引很多台灣有志之士來朝聖。","疫情緩和後,由史明教育基金會、在日台灣同鄉會、早稻田大學台灣研究所、早稻田大學台灣留學生會、美麗島人會等台日團體組成裝修暨策展團隊,歷經1年的規劃執行,終於完成「東京新珍味史明紀念館」,並選在10日世界人權日宣布開館。",[],[],False,,81507de81b1a9ed7cd32d3f00395fc0e,False,03_Lai_ltn_news,2023-12-10 21:55:43,"史明在2019年過世後,生前在新莊的故居已在2021年整修為「史明文物館」對外公開,原本預定接著進行整修的池袋新珍味大樓,將4樓的樓層整修為紀念館,但受到疫情影響計畫停擺。",True,institution_only,False,,False,REVIEW,0.1556243151426315,KEEP,0.1269541978836059,False,REVIEW,01_news_datasets/03_Lai_ltn_news_units.csv,1,,11367,req_96e6108fe9a64a46a81ad07be03e656b,merged_deduped.csv,merged_deduped.csv,L1-06,介紹紀念館整修與疫情致計畫停擺，屬政策/行政過程,,L2-04,台獨運動者、建國基地、文物館/紀念館作為運動象徵→L2-04,,L1-06,L2-04,L1-06,L2-04,L1-04,L2-04,1.0
_4d3f66830620,_4d3f66830620_u002,"動物保護立法運動聯盟今聲明點出,台灣遊蕩犬(流浪狗)問題長期困擾地方、村里,亦成為部分地區公安與衛生隱憂,但認為中央歷年編列大筆預算,卻未能落實源頭管理,長期消耗人力、物力與財力,更造成嚴重的社會對立,決定聯合發表「犬隻福利與族群管理政策主張」,呼籲從源頭管理解決問題。",claim,"〔記者吳柏軒/台北報導〕台灣流浪狗問題長期困擾部分地區,動保團體今(1日)聯合發表「犬隻福利與族群管理政策主張」,包含基本原則、犬隻族群管理、收容犬隻動物福利、遊蕩犬隻與野生動物保育衝突等,並提建議執行相關措施,如落實飼主家戶狗口普查、村里因地制宜制定自律守則等,呼籲政府通盤檢討。",,[],[],False,,67b2b1154c524eccd973ad5a5143923e,False,03_Lai_ltn_news,2023-03-01 10:41:25,"動物保護立法運動聯盟今聲明點出,台灣遊蕩犬(流浪狗)問題長期困擾地方、村里,亦成為部分地區公安與衛生隱憂,但認為中央歷年編列大筆預算,卻未能落實源頭管理,長期消耗人力、物力與財力,更造成嚴重的社會對立,決定聯合發表「犬隻福利與族群管理政策主張」,呼籲從源頭管理解決問題。",True,institution_only,True,gate: taiwanicity=2,True,KEEP,1.0,KEEP,1.0,False,KEEP,01_news_datasets/03_Lai_ltn_news_units.csv,1,,9094,req_35419a86829d4651a546432d4a566a12,merged_deduped.csv,merged_deduped.csv,L1-06,主題為政策與源頭管理機制，非單純福祉,,L2-06|L2-07,批評中央長期編列預算卻未解決問題→負面對比自豪L2-06；聯合發表主張、呼籲從源頭管理解決→行動號召L2-07,,L1-06,L2-06|L2-07,L1-06,L2-06|L2-07,L1-06,L2-06|L2-07,1.0
_369cd9d141d7,_369cd9d141d7_u000,"(12/30 21:14 更新) (中央社記者郭建伸台北30日電)民眾黨總統候選人柯文哲今天在電視辯論會砲打對手,不僅怒轟賴清德違建爭議人格破產,也指侯友宜要選總統就不該競選連任。",context,,"面對農地爭議,柯文哲雖數度解釋,但談到父親一度湧上情緒,在辯論台不禁哽咽。","[{""name"": ""賴清德"", ""party"": ""DPP""}, {""name"": ""侯友宜"", ""party"": ""KMT""}, {""name"": ""柯文哲"", ""party"": ""TPP""}, {""name"": ""民眾黨"", ""party"": ""TPP""}]","[""辯論|procedure""]",True,debate/manifesto,a0f2ab960368b5a786ea849c5620de59,False,01_Ho_chinatimes_news,2023-12-30 19:34:00,"柯文哲辯論會對賴侯火力全開 談及家人忍不住哽咽 2023/12/30 19:34 (12/30 21:14 更新) (中央社記者郭建伸台北30日電)民眾黨總統候選人柯文哲今天在電視辯論會砲打對手,不僅怒轟賴清德違建爭議人格破產,也指侯友宜要選總統就不該競選連任。",True,cooccur: actor×institution,True,gate: actor×inst,True,KEEP,1.0,KEEP,1.0,True,KEEP,01_news_datasets/01_Ho_chinatimes_news_units.csv,1,,14143,req_cd739c4ab81946fbbae4f9f9ab38617e,merged_deduped.csv,merged_deduped.csv,L1-02,批評賴人格破產與侯參選操守，屬道德評價，非單純情緒,,L2-06,批評對手人格破產、競選行為→隱含國家應有更好治理標準→L2-06,,L1-02,L2-06,L1-02,,L1-02,L2-06,0.0
_975fcc82b4a8,_975fcc82b4a8_u000,"On our way, continuing on the path of democracy.",context,,,[],[],False,,a5e699c32b94ec88c9f014ce7874088a,False,01_Hou_X_datasets,2024-01-02 22:43:00,,,,,,,,,,,,,03_X_datasets/01_Hou_X_datasets_units.csv,2,,14597,req_f7956fa0db60457d84f0846d4c3cc848,merged_deduped.csv,merged_deduped.csv,L1-06,民主道路抽象宣示，屬政治路線/治理,,L2-07|L2-08,path of democracy→以民主作為共同體核心價值→L2-08；隱含一起前進→L2-07,,L1-07,L2-08,L1-06,L2-07|L2-08,L1-07,L2-08,0.5
_f79f6a29b86c,_f79f6a29b86c_u016,"2007年 推動「台灣加入聯合國運動」,並在華盛頓郵報及紐約時報刊登廣告,呼籲美國幫助台灣加入聯合國 2007年 推動「台灣加入聯合國運動」,並在華盛頓郵報及紐約時報刊登廣告,呼籲美國幫助台灣加入聯合國 2008年 競選民進黨主席,最後蔡英文勝出 2008年 競選民進黨主席,最後蔡英文勝出 2009年 辜寬敏、姚嘉文、黃崑虎、黃昭堂、高俊明5位發起人,成立「搶救台灣行動聯盟」,展開全國319鄉鎮公民行動巡迴演講,2年共舉辦200多場演講活動。",claim,"2000年 陳水扁當選總統,辜寬敏出任總統府資政;","2019年,成立台灣制憲基金會 2019年,成立台灣制憲基金會 2020年 發動台灣憲政史上首次制憲公投案 2020年 發動台灣憲政史上首次制憲公投案 2021年 號召百個團體組成台灣新憲聯合陣線,推進台灣新憲法運動 2021年 號召百個團體組成台灣新憲聯合陣線,推進台灣新憲法運動 2023年2月27日 於台北榮總辭世,享耆壽97歲。","[{""name"": ""民進黨"", ""party"": ""DPP""}]",[],False,,0ed5ed236ceaee19978cbd0f58804c41,False,02_Ke_chinatimes_news,2025-05-19 17:20:00,"2007年 推動「台灣加入聯合國運動」,並在華盛頓郵報及紐約時報刊登廣告,呼籲美國幫助台灣加入聯合國 2007年 推動「台灣加入聯合國運動」,並在華盛頓郵報及紐約時報刊登廣告,呼籲美國幫助台灣加入聯合國 2008年 競選民進黨主席,最後蔡英文勝出 2008年 競選民進黨主席,最後蔡英文勝出 2009年 辜寬敏、姚嘉文、黃崑虎、黃昭堂、高俊明5位發起人,成立「搶救台灣行動聯盟」,展開全國319鄉鎮公民行動巡迴演講,2年共舉辦200多場演講活動。",True,cooccur: actor×institution,True,gate: actor×inst,False,KEEP,0.5385514497756958,,,False,KEEP,01_news_datasets/02_Ke_chinatimes_news_units.csv,1,,1304,req_3f557e1fcac54a499247845d8a8b1c94,merged_deduped.csv,merged_deduped.csv,L1-03,主權與國際地位訴求，排除一般政策管理,,L2-01|L2-03|L2-07,推動台灣加入聯合國→L2-01|L2-03；呼籲美國幫助→L2-03；搶救台灣行動聯盟、公民行動巡迴演講→L2-07,,L1-03,L2-01|L2-03|L2-07,L1-03,L2-01|L2-03|L2-07,L1-03,L2-01|L2-03|L2-07,1.0
_5d874263706c,_5d874263706c_u014,"賴清德說,其他總統參選人,有的直接接受符合一個中國原則的「九二共識」,有的主張兩岸簽和平協議,還有人希望推動十年前的兩岸服務貿易協議等,這些都接受一個中國原則的主張,有些是直接接受,有些是間接接受,但這都不是台灣的主流民意。",claim,"他堅守台灣主權的立場不會動搖,然後強化國防及與國際民主陣營合作,在對等、尊嚴的前提下,願意與對岸進行交流合作,這對台灣才有保障,對印太的和平、穩定才有幫助。",,"[{""name"": ""賴清德"", ""party"": ""DPP""}]","[""兩岸|cross-strait""]",False,,10cdbf36a2b9595b96570c7de1965d8d,False,01_Ho_ltn_news,2023/10/7 5:30,"賴清德說,其他總統參選人,有的直接接受符合一個中國原則的「九二共識」,有的主張兩岸簽和平協議,還有人希望推動十年前的兩岸服務貿易協議等,這些都接受一個中國原則的主張,有些是直接接受,有些是間接接受,但這都不是台灣的主流民意。",True,cooccur: actor×institution,True,gate: taiwanicity=3,True,KEEP,1.0,KEEP,1.0,True,KEEP,01_news_datasets/01_Ho_ltn_news_units.csv,1,,1471,req_e50663e5762c45a2929e48cc0fc549f1,merged_deduped.csv,merged_deduped.csv,L1-03,批評他人接受一中原則屬主權安全議題，非單純政策,,L2-02,一個中國原則→L2-02；不是台灣的主流民意→L2-02,,L1-03,L2-02|L2-05,L1-03,L2-01|L2-02,L1-03,L2-01|L2-02,0.3333333333333333
_d69a9f9be2bf,_d69a9f9be2bf_u009,"賴清德說,對和平有理想,但不能妄想,一定要靠實力,要增加國防實力,也要增加經濟力量,並與民主陣營站在一起,共同發揮力量,確保和平安全。",claim,"台灣是愛和平的國家,只要對等尊嚴,很願意與中國坐下來,交流談判合作,為兩岸人民的福祉,進行合作計畫,讓兩岸可以和平。","賴清德強調,他從政30年,不貪不取、乾乾淨淨,未來擔任總統後也會是清廉政府,讓社會安定、治安好,讓善良百姓過著好生活。","[{""name"": ""賴清德"", ""party"": ""DPP""}]",[],False,,4a64b91fe86251ff5bc47a315667e3a7,False,03_Lai_chinatimes_news,2023-12-25 17:54:00,"賴清德說,對和平有理想,但不能妄想,一定要靠實力,要增加國防實力,也要增加經濟力量,並與民主陣營站在一起,共同發揮力量,確保和平安全。",True,cooccur: actor×institution,True,gate: actor×inst,True,KEEP,1.0,KEEP,1.0,True,KEEP,01_news_datasets/03_Lai_chinatimes_news_units.csv,1,,6618,req_72f7bd862eda4a5eb846c227ca547c2a,merged_deduped.csv,merged_deduped.csv,L1-03,和平安全與國防實力對抗威脅→安全；非單純政策管理,,L2-05|L2-07|L2-08,國防實力→L2-05；與民主陣營站在一起→L2-08；共同發揮力量→L2-07,,L1-03,L2-05|L2-07|L2-08,L1-03,L2-05|L2-07|L2-08,L1-03,L2-05|L2-07|L2-08,1.0
_d998593cde1d,_d998593cde1d_u001,"但對比中共軍力,台灣的軍力仍有很大差距,專家指出這份民調只有對比硬體數字,未納入戰術戰法!",claim,,,[],[],False,,864af713c37bc3fc13aa6c85296d5a8e,False,02_Ke_tvbs_news,2023-05-29 20:57:00,"但對比中共軍力,台灣的軍力仍有很大差距,專家指出這份民調只有對比硬體數字,未納入戰術戰法!",True,institution_only,True,gate: core_election,False,KEEP,0.5340607166290283,,,False,KEEP,01_news_datasets/02_Ke_tvbs_news_units.csv,1,,11830,req_19dae646a293429f855906b0e42fcd69,merged_deduped.csv,merged_deduped.csv,L1-03,談兩岸軍力差距與安全威脅，非單純政策,,L2-02|L2-05|L2-06,對比中共軍力→L2-02；軍力差距、隱含威脅→L2-05；硬體數字對比、隱含我們應更好→L2-06,,L1-03,L2-05|L2-06,L1-03,L2-05,L1-03,L2-02|L2-05,0.3333333333333333
_814990f9a28c,_814990f9a28c_u001,"〔記者黃靖媗/台北報導〕民眾黨不分區立委參選人黃國昌今日於臉書公開11月8日與民眾黨總統參選人柯文哲的會議記錄,雙方達成6點合作原則與理念。",context,,"在合作原則與理念方面,黃國昌與柯文哲雙方同意,「以『把國家還給人民』以及『讓台灣成為正常國家』為共同目標」、「在『堅守主權』與『對等尊嚴』前提下,與對岸進行良性互動溝通,謀求台海穩定和平,台灣持續發展壯大」、「以『自由民主法治』為經,以『理性務實科學』為緯,共同努力讓台灣下一代能看到未來,讓年輕人能自由追逐人生理想」、「以『掃蕩貪腐黑金』與『重建廉能政府』作為核心理念。以『實現司法正義』與『落實居住正義』作為優先目標」、「2024大選大選,支持柯文哲當選總統,不分黨派、用人唯才,籌組聯合內閣,以及民眾黨國會席次最大化、國會兩黨藍綠不過半為目標」、「相信每個政治人物都是獨立個體,合作絕非追求完全一致,『我們可以有不同的過去,我們生活在共同的現在,透過合作讓台灣有更好的將來』」等6點事項。","[{""name"": ""柯文哲"", ""party"": ""TPP""}, {""name"": ""民眾黨"", ""party"": ""TPP""}]",[],False,,c36258715e4beed4d901f64bf9a0afa6,False,02_Ke_ltn_news,2023-12-07 17:21:12,"(記者黃靖媗攝) 2023/12/07 17:21 〔記者黃靖媗/台北報導〕民眾黨不分區立委參選人黃國昌今日於臉書公開11月8日與民眾黨總統參選人柯文哲的會議記錄,雙方達成6點合作原則與理念。",True,cooccur: actor×institution,True,gate: actor×inst,True,KEEP,1.0,KEEP,1.0,True,KEEP,01_news_datasets/02_Ke_ltn_news_units.csv,1,,17179,req_d12a5be477104a968c451ee0c4a6af07,merged_deduped.csv,merged_deduped.csv,L1-06,描述政黨合作與會議紀錄，屬政策/程序,,L2-01|L2-07,把國家還給人民→主體性L2-01；正常國家→主體性L2-01；共同目標合作→動員L2-07,,L1-06,L2-01|L2-07,L1-06,,L1-07,,0.0
_233badf3e4cc,_233badf3e4cc_u005,"他說,巴拉圭曾經面對阿根廷、巴西、烏拉圭的3國共同戰爭,150多年不斷內戰、內耗,但這沒有辦法消滅巴拉圭追求自由、主權獨立及民主,且戰後巴拉圭一直緩慢地朝繁榮發展,如今已站在即將高度發展的路口,這將消弭貧窮、促進國家繁榮,且可在國際上獲得更高的能見度。",claim,"賴副總統今天在外交部長吳釗燮、國安會副秘書長徐斯儉等人陪同下,在總統府接見潘尼亞伉儷,除了表示將在公共衛生醫療、教育、產業發展等與巴拉圭分享經驗,也允諾加強台巴經貿關係。","他表示,巴拉圭有廣大土地、乾淨充分的水力發電、地理位置牽動南美洲地區非常重要的5個國家、食品加工深具潛力、發展綠色經濟、國家競爭力提升,未來將成為南美洲的經濟奇蹟,有望成為最具商業投資機會的國家。",[],[],False,,e895a04363e919f981a48f1cbc0051e8,False,03_Lai_chinatimes_news,2023-07-12 14:03:00,"他說,巴拉圭曾經面對阿根廷、巴西、烏拉圭的3國共同戰爭,150多年不斷內戰、內耗,但這沒有辦法消滅巴拉圭追求自由、主權獨立及民主,且戰後巴拉圭一直緩慢地朝繁榮發展,如今已站在即將高度發展的路口,這將消弭貧窮、促進國家繁榮,且可在國際上獲得更高的能見度。",True,institution_only,True,gate: 2 inst terms,False,REVIEW,0.3372965455055237,,,True,KEEP,01_news_datasets/03_Lai_chinatimes_news_units.csv,1,,20525,req_33c314b1beb143c2973e3312bb95d5dd,merged_deduped.csv,merged_deduped.csv,L1-03,國家主權與戰爭威脅，非政策機制,,L2-01|L2-04|L2-06|L2-08,歷史戰爭與內戰敘述→L2-04；追求自由、主權獨立及民主→L2-01|L2-08；消弭貧窮、國家繁榮、國際能見度→L2-06,,L1-03,L2-01|L2-05|L2-06|L2-08,L1-01,L2-01|L2-05|L2-06|L2-08,L1-01,L2-01|L2-05|L2-06|L2-08,1.0
_01fc43f085ec,_01fc43f085ec_u002,"朱立倫和柯文哲今天進行國民黨民眾黨政黨協商會議,會後發表共同聲明,包括進行台灣第三波民主改革、重啟兩岸對話,持續推動交流、總統應赴立法院進行國情報告,在立委席次上,雙方相互支援、將席次最大化。",context,(10/30 15:01 更新) (中央社記者姜宜菁雲林縣30日電)國民黨主席朱立倫、民眾黨主席柯文哲今天進行國民黨民眾黨政黨協商會議;,"雲林縣議會今天進行議長補選,由無黨籍議員黃凱高票當選;","[{""name"": ""柯文哲"", ""party"": ""TPP""}, {""name"": ""國民黨"", ""party"": ""KMT""}, {""name"": ""民眾黨"", ""party"": ""TPP""}]","[""立法院|institution"", ""兩岸|cross-strait""]",True,legislative,6190a4dbdaac50716d2937780c4c965f,False,02_Ke_chinatimes_news,2023-10-30 14:32:00,"朱立倫和柯文哲今天進行國民黨民眾黨政黨協商會議,會後發表共同聲明,包括進行台灣第三波民主改革、重啟兩岸對話,持續推動交流、總統應赴立法院進行國情報告,在立委席次上,雙方相互支援、將席次最大化。",True,cooccur: actor×institution,True,gate: taiwanicity=3,True,KEEP,1.0,KEEP,1.0,True,KEEP,01_news_datasets/02_Ke_chinatimes_news_units.csv,1,,8570,req_82fa7b00f23b436f83bf577edb800114,merged_deduped.csv,merged_deduped.csv,L1-06,主題為政黨協商與制度設計，排除安全,,L2-05|L2-07|L2-08,台灣第三波民主改革→L2-08；重啟兩岸對話→L2-05；席次最大化、相互支援→L2-07,,L1-06,L2-01|L2-08,L1-06,L2-01|L2-08,L1-06,L2-08,0.5
_17678a6ce566,_17678a6ce566_u006,"在兩岸議題上,賴清德於專訪中表示,相對國民黨,民進黨將維護台灣主權,不會認同「統一的幻想」(fiction of reunification)。",claim,"報導內容指出,賴清德秉持此份工作態度,曾前往哈佛就學、在台南市擔任醫師,現在成為明年總統選舉中的領先者。","此外,賴清德強調台灣應持續提升國際經貿連結,確保台灣持續作為國際經濟不可或缺一員,以強化台灣的整體安全。","[{""name"": ""賴清德"", ""party"": ""DPP""}, {""name"": ""民進黨"", ""party"": ""DPP""}, {""name"": ""國民黨"", ""party"": ""KMT""}]","[""兩岸|cross-strait""]",False,,e83d303c60c58318dbb9bcb9a8bb3a12,False,02_Ke_chinatimes_news,2023-11-21 12:42:00,"在兩岸議題上,賴清德於專訪中表示,相對國民黨,民進黨將維護台灣主權,不會認同「統一的幻想」(fiction of reunification)。",True,cooccur: actor×institution,True,gate: taiwanicity=2,True,KEEP,1.0,KEEP,1.0,True,KEEP,01_news_datasets/02_Ke_chinatimes_news_units.csv,1,,20490,req_d133607f437c4690aaf8c30d22c82126,merged_deduped.csv,merged_deduped.csv,L1-03,主權與統一立場對抗中國威脅→安全；非單純政策,,L2-01|L2-02|L2-05,維護台灣主權→L2-01；不認同統一幻想、與國民黨對比→L2-02；統一幻想作為威脅→L2-05,,L1-03,L2-01|L2-02|L2-05,L1-03,L2-01|L2-02|L2-05,L1-03,L2-01|L2-02|L2-05|L2-07,0.75
_53279b49e3b7,_53279b49e3b7_u000,"國防部今(13)日公布新版《全民國防應變手冊》,內容共48頁,編纂架構區分為「平時準備」與「戰時應變」2個段落、14個主標題,提供民眾面臨軍事危機及可能發生的災難時緊急應變資訊。",context,,"手冊內容提到,敵人會透過散布假訊息,製造社會混亂,捏造國軍戰事不利、開始和談、放棄抵抗等動搖軍心民心的不實流言,這是認知作戰的手法。",[],[],False,,f7b99b3986d466009b98f5f64cd1815f,False,01_Ho_tvbs_news.csv,2023-06-13 13:36:00,"國防部今(13)日公布新版《全民國防應變手冊》,內容共48頁,編纂架構區分為「平時準備」與「戰時應變」2個段落、14個主標題,提供民眾面臨軍事危機及可能發生的災難時緊急應變資訊。",True,institution_only,True,gate: 2 inst terms,True,KEEP,1.0,KEEP,1.0,True,KEEP,01_news_datasets/01_Ho_tvbs_news_units.csv,1,,21825,req_0b4038e9ea084fa0a791c023d08c49b7,merged_deduped.csv,merged_deduped.csv,L1-03,軍事危機應變手冊，安全威脅語境屬國安,,L2-01|L2-05,國防部發布全民國防手冊→L2-01；軍事危機、戰時應變→L2-05,,L1-03,L2-05|L2-07,L1-03,L2-05,L1-03,L2-05,0.5
_383585120389,_383585120389_u003,"面對媒體提問,蕭美琴表示,在華府工作期間與美方建立緊密合作夥伴關係,她曾提出「戰貓外交」構想,需要在各方利益之間維持最佳平衡點,以台灣利益、主體出發,與美方等國際社會建構共同價值,包含民主自由的堅持,以及對區域和平穩定繁榮等共同利益。",claim,"民進黨上午舉辦2024總統副總統暨立委選舉選前國際記者會,民進黨總統候選人賴清德、民進黨副總統候選人蕭美琴出席,共有包含日本、美國、瑞典、丹麥等28國、128家國際媒體、217人參與,兩人桌上擺放著兩面中華民國國旗。","談及兩岸議題,蕭美琴說,在維持現狀的目標之下,取得最佳平衡點是努力方向,維持現狀是國際社會的期待,也是兩岸需要共同承擔的責任,將延續蔡總統負責任、獲得國際信任與支持的路徑,持續發展對外關係。","[{""name"": ""蕭美琴"", ""party"": ""DPP""}]",[],False,,6939e3f429d09201524286540c711900,False,02_Ke_chinatimes_news,2024-01-09 11:16:00,"面對媒體提問,蕭美琴表示,在華府工作期間與美方建立緊密合作夥伴關係,她曾提出「戰貓外交」構想,需要在各方利益之間維持最佳平衡點,以台灣利益、主體出發,與美方等國際社會建構共同價值,包含民主自由的堅持,以及對區域和平穩定繁榮等共同利益。",True,cooccur: actor×institution,True,gate: actor×inst,False,KEEP,0.6194087862968445,,,False,KEEP,01_news_datasets/02_Ke_chinatimes_news_units.csv,1,,9224,req_07201d40c65949ce9aafbd6b8a1977e7,merged_deduped.csv,merged_deduped.csv,L1-06,外交合作與區域和平，主體非安全威脅,,L2-01|L2-03|L2-08,以台灣利益、主體出發→L2-01；與國際社會建構共同價值→L2-03；民主自由的堅持→L2-08,,L1-06,L2-01|L2-03|L2-08,L1-06,L2-01|L2-03|L2-08,L1-06,L2-01|L2-03|L2-08,1.0
_428202256e53,_428202256e53_u006,"再退一步說,即使2020年沒能催出足夠的支持票而沒進立法院,若黃國昌繼續在院外保持像今天他為柯文哲努力的這種鬥志,為時代力量號召新支持者、進行募款,並向大眾說明台灣為什麼需要一個認同本土,但和民進黨有所不同的第3力量,那4年後的此刻,不怕時代力量沒有被注意的機會,不怕選民不還他一個公道。",claim,"然而,郝明義直言,黃身為黨內最有經驗立委,在2020年大選行險輕進,他不僅失去國會席位,也無從在立法院整合時代力量的戰力,錯失機會。","先是2020年大選,黃國昌在蔡英文和韓國瑜間都說不出如何抉擇,而2024年大選,黃國昌不惜在柯文哲和國民黨幾乎要談成藍白合之際加入民眾黨。","[{""name"": ""柯文哲"", ""party"": ""TPP""}, {""name"": ""民進黨"", ""party"": ""DPP""}]","[""立法院|institution""]",False,,58af12e7f8585aa46fb8915c03f9f5c0,False,02_Ke_ltn_news,2023-12-19 21:15:21,"再退一步說,即使2020年沒能催出足夠的支持票而沒進立法院,若黃國昌繼續在院外保持像今天他為柯文哲努力的這種鬥志,為時代力量號召新支持者、進行募款,並向大眾說明台灣為什麼需要一個認同本土,但和民進黨有所不同的第3力量,那4年後的此刻,不怕時代力量沒有被注意的機會,不怕選民不還他一個公道。",True,cooccur: actor×institution,True,gate: taiwanicity=2,True,KEEP,1.0,KEEP,1.0,True,KEEP,01_news_datasets/02_Ke_ltn_news_units.csv,1,,7819,req_3b8514579f7f4df68b5c1d027943502e,merged_deduped.csv,merged_deduped.csv,L1-06,評價政治人物選擇與路線，屬治理路線,,L2-02|L2-07,號召新支持者、募款→L2-07；台灣需要一個認同本土、和民進黨不同的第3力量→L2-02,,L1-06,L2-02|L2-07,L1-06,L2-02|L2-07,L1-07,L2-02|L2-07,1.0
_3c21d62f32b7,_3c21d62f32b7_u000,"憶柯文哲8年前參觀彰化農鄉 吳音寧:他從來沒把農民放在眼裡 2023/11/1 16:58 (11/1 18:34 更新) (中央社記者蕭博陽彰化縣1日電)民進黨彰化縣第3選區立委參選人吳音寧今天說,民眾黨總統參選人柯文哲連農業保險、農民保險都搞不清楚就批評農保;",claim,,"透過 Google News 吳音寧說,那一次柯文哲邀吳晟擔任台北市政府顧問,但她父親直覺拒絕了;","[{""name"": ""柯文哲"", ""party"": ""TPP""}, {""name"": ""民進黨"", ""party"": ""DPP""}, {""name"": ""民眾黨"", ""party"": ""TPP""}]",[],False,,b8bbbae31601e6ef1977943d710027c7,False,02_Ke_chinatimes_news,2023-11-01 16:58:00,"憶柯文哲8年前參觀彰化農鄉 吳音寧:他從來沒把農民放在眼裡 2023/11/1 16:58 (11/1 18:34 更新) (中央社記者蕭博陽彰化縣1日電)民進黨彰化縣第3選區立委參選人吳音寧今天說,民眾黨總統參選人柯文哲連農業保險、農民保險都搞不清楚就批評農保;",True,cooccur: actor×institution,True,gate: actor×inst,False,KEEP,0.5496810674667358,,,True,KEEP,01_news_datasets/02_Ke_chinatimes_news_units.csv,1,,16232,req_62e719d302614fe29fc2461ddfae6262,merged_deduped.csv,merged_deduped.csv,L1-02,批評柯文哲不重視農民與專業，屬道德評價,,L2-06,批評搞不清楚農保→隱含台灣農民應被更好對待→L2-06,,L1-02,L2-06,L1-02,L2-06,L1-02,L2-06,1.0
_bb4b6843536b,_bb4b6843536b_u003,"蔡其昌接受媒體聯訪,關於台中立委第1選區是藍白合,但柯文哲卻在台中大里造勢晚會喊出下架國民黨、民進黨,蔡其昌表示,總統選舉站在全國性高度,國民黨跟民眾黨不斷相互攻擊,台中海線民眾期待選出在地立委,能在中央爭取建設、改變地方及故鄉的人。",claim,"台中立委第1選區(大甲區、大安區、外埔區、清水區、梧棲區)候選人蔡其昌今天上午在「信賴其昌」新住民姐妹後援會,與民進黨籍台中市議員王立任、楊典忠,到清水市場掃街拜票,爭取民眾支持。","他表示,許多民眾表達對空降人選的疑慮,在地許多國民黨支持者無法接受民眾黨攻擊,許多支持柯文哲的年輕人也表示「總統跟立委會分裂投票」,肯定蔡其昌是在地認真做事的人。","[{""name"": ""柯文哲"", ""party"": ""TPP""}, {""name"": ""民進黨"", ""party"": ""DPP""}, {""name"": ""國民黨"", ""party"": ""KMT""}, {""name"": ""民眾黨"", ""party"": ""TPP""}]",[],True,campaigning,e9ce2655fa6972a38540fb5c3b107c57,False,02_Ke_chinatimes_news,2024-01-07 12:16:00,"蔡其昌接受媒體聯訪,關於台中立委第1選區是藍白合,但柯文哲卻在台中大里造勢晚會喊出下架國民黨、民進黨,蔡其昌表示,總統選舉站在全國性高度,國民黨跟民眾黨不斷相互攻擊,台中海線民眾期待選出在地立委,能在中央爭取建設、改變地方及故鄉的人。",True,cooccur: actor×institution,True,gate: actor×inst,False,KEEP,0.7057600021362305,,,True,KEEP,01_news_datasets/02_Ke_chinatimes_news_units.csv,1,,20631,req_c533f2cde6744a329f78ad4f50f0f927,merged_deduped.csv,merged_deduped.csv,L1-07,談選舉與候選人形象，無政策/道德主軸,,L2-07,「在中央爭取建設、改變地方及故鄉的人」→地方/故鄉願景動員→L2-07,,L1-06,L2-06,L1-06,L2-06|L2-07,L1-07,L2-06|L2-07,0.5
_3a08a11aaf37,_3a08a11aaf37_u000,"(12/30 18:58 更新) (中央社記者王揚宇台北30日電)民進黨總統候選人賴清德今天說,中華人民國共和國自始不同意中華民國的存在,而且中國在國際上的「三段論」講得很清楚,即世界只有一個中國、兩岸同屬一中、唯一代表中國的合法政府就是中華人民共和國的政府。",claim,,"侯友宜指憲法刻在心裡 批賴清德完全不理不睬 柯文哲:台灣目前不可能統一或獨立 9成盼維持現狀 媒體提問階段,中國時報執行副總編輯周慧如問到3位總統候選人,是否認同中華民國憲法及如何看待兩岸關係等議題。","[{""name"": ""賴清德"", ""party"": ""DPP""}, {""name"": ""民進黨"", ""party"": ""DPP""}]","[""兩岸|cross-strait""]",False,,1625e00c9f328c33b16714a04e7d0d69,False,01_Ho_chinatimes_news,2023-12-30 15:37:00,"賴清德:中華人民共和國自始不同意中華民國存在 2023/12/30 15:37 (12/30 18:58 更新) (中央社記者王揚宇台北30日電)民進黨總統候選人賴清德今天說,中華人民國共和國自始不同意中華民國的存在,而且中國在國際上的「三段論」講得很清楚,即世界只有一個中國、兩岸同屬一中、唯一代表中國的合法政府就是中華人民共和國的政府。",True,cooccur: actor×institution,True,gate: taiwanicity=2,True,KEEP,1.0,KEEP,1.0,True,KEEP,01_news_datasets/01_Ho_chinatimes_news_units.csv,1,,1955,req_e7da1079d60242468881fcdd138a2960,merged_deduped.csv,merged_deduped.csv,L1-03,兩岸與主權立場、安全威脅→排除L1-06,,L2-01|L2-05,"說明中共不承認中華民國存在、引述一中三段論→主權與國家地位衝突、威脅→L2-01,L2-05",,L1-03,L2-01|L2-03,L1-03,L2-01|L2-02|L2-03,L1-03,L2-02,0.0
_88ae034432de,_88ae034432de_u002,"新購的火炮、飛彈,都會在九鵬基地射擊測試。",context,"接連發生爆炸情況,也引發民眾討論,國民黨立委賴士葆受訪表示,國防部在彈藥管理方面出了很大問題,他也提到美國先前釋出研擬與台灣協商設立「區域緊急庫存」,被稱為打造台灣成「軍火庫」一事說,「你要堆一大堆彈藥在這裡,三不五時爆炸,人民怎麼受的了?」國家中山科學研究院九鵬院區俗稱「九鵬基地」,是我國防科技研發機構,屬於國家中山科學研究院下屬之武器研發與測試機構,國防部向承包商新購的火炮、飛彈都會在此進行射擊測試及演訓,也是我國軍方三大神秘單位之一,其高度軍事機密的飛彈射擊演訓,也讓它被軍迷稱為台灣版的「神秘51區」。","(示意圖,非當事新聞畫面/國防部提供) 九鵬基地有4員作業人員受傷。",[],[],False,,49373efe6addaef4880ad7c6d375bf98,False,02_Ke_tvbs_news,2023-08-03 14:55:00,"新購的火炮、飛彈,都會在九鵬基地射擊測試。",True,institution_only,False,,False,REVIEW,0.0805680528283119,KEEP,0.7327998280525208,False,REVIEW,01_news_datasets/02_Ke_tvbs_news_units.csv,1,,6510,req_d90d8be3622444f9ae49e39681a8eff7,merged_deduped.csv,merged_deduped.csv,L1-06,描述國防測試流程，屬行政管理非安全威脅,,L2-01,國防軍事設施、武器測試→主權行為展演→L2-01；無威脅/動員等其他訊號,,L1-06,,L1-06,,L1-06,,1.0
_bb1c7b8b5aee,_bb1c7b8b5aee_u014,(編輯:蘇志宗)1120813 王美花:燃料成本上漲影響電價是全球問題 曾文生:未來綠電估年發80億度 可趕上產業需求 侯友宜提核電延役重啟 經部:有實務困難也不符RE100綠電標準 賴清德:備轉容量率達17% 台灣不缺電也持續布局綠電 館長控民進黨開槍 綠委:法院見真章 民進黨:館長陳之漢惡意造謠 已完成蒐證提告誹謗 侯友宜不排斥侯習會 促賴清德說清楚贊成或反對台獨 傳柯侯郭下週見面 侯友宜:謝謝關心,claim,"台灣則是由台電中油在第一線扮演「通膨消波塊」的角色,擋住輸入性通膨海嘯,已較其他國家減緩通膨壓力,且國內電價調整方案也盡量細緻化,以調漲用電大戶為優先。",,"[{""name"": ""賴清德"", ""party"": ""DPP""}, {""name"": ""侯友宜"", ""party"": ""KMT""}, {""name"": ""民進黨"", ""party"": ""DPP""}]",[],False,,2d82e11f9d318ac493c72d51c7b76d8d,False,02_Ke_chinatimes_news,2023-08-13 18:20:00,"(編輯:蘇志宗)1120813 王美花:燃料成本上漲影響電價是全球問題 曾文生:未來綠電估年發80億度 可趕上產業需求 侯友宜提核電延役重啟 經部:有實務困難也不符RE100綠電標準 賴清德:備轉容量率達17% 台灣不缺電也持續布局綠電 館長控民進黨開槍 綠委:法院見真章 民進黨:館長陳之漢惡意造謠 已完成蒐證提告誹謗 侯友宜不排斥侯習會 促賴清德說清楚贊成或反對台獨 傳柯侯郭下週見面 侯友宜:謝謝關心 本網站之文字、圖片及影音,非經授權,不得轉載、公開播送或公開傳輸及利用。",True,cooccur: actor×institution,True,gate: taiwanicity=3,True,KEEP,1.0,KEEP,1.0,True,KEEP,01_news_datasets/02_Ke_chinatimes_news_units.csv,1,,4047,req_b8d2dfa63c104c5bab1539d8ec5fbef7,merged_deduped.csv,merged_deduped.csv,L1-01,電價與綠電供給、產業需求，屬經濟,,L2-03|L2-06,電價全球問題→L2-06；備轉容量率不缺電→L2-06；RE100國際標準→L2-03,,L1-01,L2-01,L1-07,L2-01,L1-07,,0.0
_c4a137a9b22a,_c4a137a9b22a_u018,(編輯:郭無患、潘羿菁)1121230 總統候選人辯論會下午2時登場 賴侯柯將交叉攻防 中選會:切勿發布假民調 最重開罰200萬 最高檢列招攬赴陸旅遊5犯罪態樣 要求介選案聲押失敗應即時抗告 華爾街日報:台灣政治風向改變 總統候選人都不親中 賴清德蕭美琴勝選 民進黨接班梯隊動向受矚目 總統不分區立委分裂投票 藍綠白政黨票增小黨團滅 凌濤:無法下架民進黨 黃珊珊假民調是罪魁禍首 藍指賴清德被列美國危險朋友 綠反擊幻想依賴中國 2024/01/22 16:57 2023/12/30 15:43 2023/12/30 13:00 2023/12/30 12:15 2023/12/30 12:07 2023/12/30 11:01,context,"透過 Google News 本次民調由國民黨智庫國家政策研究基金會,委託十方民意與政策資訊股份有限公司執行,調查時間為2023年12月15日至28日,共計完成5013份有效樣本,在信賴水準95%時,抽樣誤差最大值為正負1.39%。",,"[{""name"": ""賴清德"", ""party"": ""DPP""}, {""name"": ""蕭美琴"", ""party"": ""DPP""}, {""name"": ""民進黨"", ""party"": ""DPP""}]","[""辯論|procedure""]",True,debate/manifesto,241309f4236db9fe70d34bccd20319c1,False,01_Ho_chinatimes_news,2023-12-30 12:15:00,"(編輯:郭無患、潘羿菁)1121230 總統候選人辯論會下午2時登場 賴侯柯將交叉攻防 中選會:切勿發布假民調 最重開罰200萬 最高檢列招攬赴陸旅遊5犯罪態樣 要求介選案聲押失敗應即時抗告 華爾街日報:台灣政治風向改變 總統候選人都不親中 賴清德蕭美琴勝選 民進黨接班梯隊動向受矚目 總統不分區立委分裂投票 藍綠白政黨票增小黨團滅 凌濤:無法下架民進黨 黃珊珊假民調是罪魁禍首 藍指賴清德被列美國危險朋友 綠反擊幻想依賴中國 2024/01/22 16:57 2023/12/30 15:43 2023/12/30 13:00 2023/12/30 12:15 2023/12/30 12:07 2023/12/30 11:01 本網站之文字、圖片及影音,非經授權,不得轉載、公開播送或公開傳輸及利用。",True,cooccur: actor×institution,True,gate: taiwanicity=3,True,KEEP,1.0,KEEP,1.0,True,KEEP,01_news_datasets/01_Ho_chinatimes_news_units.csv,1,,3232,req_2a3c658b79764625ace777ae38233603,merged_deduped.csv,merged_deduped.csv,L1-06,多則選舉與介選、假民調與法律管制，屬治理,,L2-02|L2-05,「不親中」「幻想依賴中國」→對中差異/威脅；無其他主權、民主、動員明確訊號,,L1-06,L2-02|L2-05|L2-06,L1-06,L2-02|L2-06,L1-06,L2-02|L2-05,0.3333333333333333
_a7d9c16b58dd,_a7d9c16b58dd_u026,蔡總統:依往例指派領袖代表 索馬利蘭駐台代表:索國是台灣進軍東非市場的大門 拉丁美洲成兩岸外交戰場 台灣顧邦誼,context,蔡總統:副手由候選人決定 若需要會幫忙 親自出席APEC?,2023/09/07 17:01,[],"[""兩岸|cross-strait""]",False,,17cf8396e31bee455d3ee7f46226d10c,False,03_Lai_chinatimes_news,2023-09-07 21:42:00,蔡總統:依往例指派領袖代表 索馬利蘭駐台代表:索國是台灣進軍東非市場的大門 拉丁美洲成兩岸外交戰場 台灣顧邦誼,True,institution_only,True,gate: taiwanicity=2,True,KEEP,1.0,KEEP,1.0,True,KEEP,01_news_datasets/03_Lai_chinatimes_news_units.csv,1,,2110,req_77422ab0ed7c4577a1ac83c51bfbe03d,merged_deduped.csv,merged_deduped.csv,L1-03,APEC代表與邦交外交戰，主權安全,,L2-01|L2-03|L2-05,指派領袖代表→L2-01；進軍東非市場的大門→L2-03；兩岸外交戰場、顧邦誼→L2-05,,L1-03,L2-01|L2-03|L2-06,L1-03,L2-01|L2-06|L2-07,L1-03,L2-01,0.3333333333333333
_bb43d61ff411,_bb43d61ff411_u004,"郭台銘由「異域故事館」創辦人、曾經在泰北負責情蒐的情報員王根深帶領參觀,「異域孤軍」是個鮮為人知的部隊,當年為了反共復國以及維護台海安全,在遙遠的金三角莽荒叢林裡拚搏了30多年,他們孤軍奮戰,卻被世人所遺忘。",context,"〔記者李容萍/桃園報導〕鴻海集團創辦人郭台銘爭取國民黨總統提名失利後,後續動向備受關注,郭台銘今(10日)換上迷彩背心參觀桃園市平鎮區忠貞新村的「異域故事館」大談和平,以及參訪魅力金三角商圈。",,[],[],False,,bc1a7bd465169b1aca802e3756544ab7,False,02_Ke_ltn_news,2023-06-10 14:35:15,"郭台銘由「異域故事館」創辦人、曾經在泰北負責情蒐的情報員王根深帶領參觀,「異域孤軍」是個鮮為人知的部隊,當年為了反共復國以及維護台海安全,在遙遠的金三角莽荒叢林裡拚搏了30多年,他們孤軍奮戰,卻被世人所遺忘。",True,institution_only,False,,False,KEEP,0.4252154231071472,,,True,REVIEW,01_news_datasets/02_Ke_ltn_news_units.csv,1,,16536,req_7346180c5493441e81d6787f4159054e,merged_deduped.csv,merged_deduped.csv,L1-03,描述反共復國與台海安全軍事衝突史,,L2-01|L2-04|L2-05|L2-06,反共復國、維護台海安全→L2-01；異域孤軍歷史拚搏30多年、被遺忘→L2-04；為台海安全拚搏→L2-05；犧牲奉獻敘事→L2-06,,L1-03,L2-04|L2-05,L1-03,L2-01|L2-04|L2-05,L1-03,L2-04|L2-05,0.6666666666666666
_9c965591d395,_9c965591d395_u017,"全球一七一國與中國建交,經濟現實讓宏都拉斯「必須做此(與中建交)決定」。",context,"宏國外長雷依納十五日告訴該國Canal5電視頻道,稱與中國建交是基於經濟需要及台灣拒絕加碼金援。",,[],[],False,,0d25830b254757a17df53057b90de4ec,False,03_Lai_ltn_news,2023-03-17 05:30:00,"全球一七一國與中國建交,經濟現實讓宏都拉斯「必須做此(與中建交)決定」。",True,institution_only,False,,False,KEEP,0.4503562450408935,,,True,REVIEW,01_news_datasets/03_Lai_ltn_news_units.csv,1,,1171,req_a1e52a6d01e8449b9b2a431425e59596,merged_deduped.csv,merged_deduped.csv,L1-01,以經濟現實解釋外交抉擇，屬經濟,,L2-03|L2-05,全球171國與中國建交→國際體系位置論述L2-03；經濟現實迫使決定→威脅/壓力框架L2-05,,L1-01,,L1-01,L2-01,L1-01,L2-05,0.0
_9ed5652096e1,_9ed5652096e1_u021,"(看完整報導) 芬蘭國會友台小組主席凱爾納7日率訪問團晉見總統蔡英文,他在致詞時說,希望芬蘭與台灣建立更多連結,在經濟、科技研究、教育及文化等領域拓展合作。",claim,"(看完整報導) 路透社報導,預定2月稍晚或3月初發布、由獨立制裁監督員向聯合國安全理事會提出的報告內容指出,北韓利用日益純熟的網路技術,取得進入涉及網路金融的數位權限,以竊取包括對其武器計畫有價值的資訊。","他說,自由、民主、人權、法治及平等是芬蘭和台灣的共同價值,除了譴責中國對於台灣的脅迫行徑,他也表示,台灣有權利決定自己的未來。",[],[],False,,e8e0b72a9a60a4c984deb3757c4bfd5e,False,03_Lai_chinatimes_news,2023-02-08 07:22:00,"(看完整報導) 芬蘭國會友台小組主席凱爾納7日率訪問團晉見總統蔡英文,他在致詞時說,希望芬蘭與台灣建立更多連結,在經濟、科技研究、教育及文化等領域拓展合作。",True,institution_only,True,gate: taiwanicity=2,True,KEEP,1.0,KEEP,1.0,True,KEEP,01_news_datasets/03_Lai_chinatimes_news_units.csv,1,,20551,req_0bf599a5e86a40f699e2a5c57fa8ec17,merged_deduped.csv,merged_deduped.csv,L1-01,雙邊合作聚焦經濟科技教育文化,,L2-01|L2-03,芬蘭與台灣建立更多連結、拓展合作→以國家為行為主體展演→L2-01；國際合作關係隱含國際場域正當性→L2-03,,L1-06,L2-01,L1-03,L2-01,L1-06,L2-01,1.0
_5acc8f59baa7,_5acc8f59baa7_u006,"賴清德表示,今天則是以無比堅定的心,參與民進黨總統初選,希望爭取黨內同志以及台灣人民的支持,站在第一線率領團隊,建設國家、升級經濟、造福人民、並且打擊黑、金、槍、毒、建立和諧安定公益的社會,讓年輕人看見希望、壯年人實現夢想、老年人得到幸福、弱勢者也得到照顧。",claim,"他更要感謝南投的父老鄉親大力支持,在3月4日南投第二選區立委的補選,既給予補選當選人蔡培慧為南投爭一口氣的機會,也給予民進黨重新出發承擔使命的力量。","他進一步表示,更要透過妥善因應淨零轉型、疫後經濟復甦,以及俄烏戰爭所帶來的地緣政治變化、產業鏈重組的種種挑戰,讓未來的台灣能夠更加智慧、更加永續、也更具韌性。","[{""name"": ""賴清德"", ""party"": ""DPP""}, {""name"": ""民進黨"", ""party"": ""DPP""}]",[],False,,c9a1623a2aeb4c578bc5b4e572d095f1,False,03_Lai_chinatimes_news,2023-03-15 09:44:00,"賴清德表示,今天則是以無比堅定的心,參與民進黨總統初選,希望爭取黨內同志以及台灣人民的支持,站在第一線率領團隊,建設國家、升級經濟、造福人民、並且打擊黑、金、槍、毒、建立和諧安定公益的社會,讓年輕人看見希望、壯年人實現夢想、老年人得到幸福、弱勢者也得到照顧。",True,cooccur: actor×institution,True,gate: taiwanicity=2,True,KEEP,1.0,KEEP,1.0,True,KEEP,01_news_datasets/03_Lai_chinatimes_news_units.csv,1,,17761,req_a2a3b23ab8f5434cbbf471dc2c4d8f8a,merged_deduped.csv,merged_deduped.csv,L1-04,主軸為人民福祉與生活願景，非政策機制,,L2-01|L2-06|L2-07,建設國家→L2-01；批評黑金槍毒+人民值得更好→L2-06；爭取支持、站在第一線率領團隊、讓…看見希望→L2-07,,L1-04,L2-06|L2-07,L1-04,L2-06|L2-07,L1-04,L2-01|L2-06|L2-07,0.6666666666666666
柯文哲专访_d6b3e3046424,柯文哲专访_d6b3e3046424_u025,"柯文哲: 我说这是美方要求的不得已,但是对我国的国防没有实际的帮忙。",claim,"柯文哲: 如果是往前面,以从网军, 空军, 海军, 陆军按照这种顺序来思考网军, 陆军,网军, 海军, 空军,都是高技术兵种。","柯文哲: 你要知道,我们,台北市政府,如果在防空演习要撤退到士林官邸后面的山洞里面,我那时候去看空气绿冠不知道几十年没换了还是我去当我花了几千万去把里面都整修一遍。","[{""name"": ""柯文哲"", ""party"": ""TPP""}]",[],False,,6743f77dab0590f62386246b1c525698,False,柯文哲专访,,"柯文哲: 我说这是美方要求的不得已,但是对我国的国防没有实际的帮忙。",True,cooccur: actor×institution,True,gate: actor×inst,True,KEEP,1.0,KEEP,1.0,True,KEEP,02_conference_datasets/Interview_ko_units.csv,3,,9067,req_6b39993e424f4e9aa8ca490e614115a0,merged_deduped.csv,merged_deduped.csv,L1-03,談國防效益與安全影響，非單純行政,,L2-01|L2-06,我国的国防→主權行為主體/國防體系→L2-01；批評國防無實際幫忙→國家應有更好防衛能力→L2-06,,L1-06,L2-05,L1-03,L2-01|L2-06,L1-03,L2-01|L2-05,0.0
_bf0245e5dccf,_bf0245e5dccf_u028,(編輯:陳鎧妤/周慧盈)1120910 港府打擊軟對抗 經濟學人:措辭含糊散播恐懼 港區國安法實施3年多 香港文學電影藝術創作走下坡 港區國安法實施後 學者:批判性新聞逐漸消失 在台港人:台灣應認清中共本質 體認捍衛國家主權重要性,context,"聯合國人權事務委員會去年表示,對於煽動罪和國安法的過於廣泛解釋和任意適用感到擔憂,促請港府廢除。",,[],[],False,,6660735731b3d3ebd5e86e9179c5104b,False,03_Lai_chinatimes_news,2023-09-10 17:38:00,"(編輯:陳鎧妤/周慧盈)1120910 港府打擊軟對抗 經濟學人:措辭含糊散播恐懼 港區國安法實施3年多 香港文學電影藝術創作走下坡 港區國安法實施後 學者:批判性新聞逐漸消失 在台港人:台灣應認清中共本質 體認捍衛國家主權重要性 本網站之文字、圖片及影音,非經授權,不得轉載、公開播送或公開傳輸及利用。",True,institution_only,True,gate: 2 inst terms,False,KEEP,0.6157034039497375,,,True,KEEP,01_news_datasets/03_Lai_chinatimes_news_units.csv,1,,8992,req_77f79f111b5547f9898016d901fcd4c4,merged_deduped.csv,merged_deduped.csv,L1-03,強調中共威脅與捍衛國家主權，屬安全,,L2-01|L2-02|L2-05|L2-07|L2-08,認清中共本質→L2-02；散播恐懼、批判性新聞消失→L2-05；捍衛國家主權重要性→L2-01、L2-07；國安法打壓自由→L2-08,,L1-03,L2-01|L2-05|L2-07,L1-03,L2-01|L2-02|L2-05,L1-03,L2-01|L2-05,0.5
_cea778b68875,_cea778b68875_u075,"我很榮幸能夠擔任中華民國總統,和兩千三百萬臺灣人民,一起走過這兩千五百五十六天,我們風雨同行,一路自信堅定地走向了世界。",context,"現在,是國際社會對臺灣最重視、最友好的歷史時刻。",,[],[],False,,06b31f9447d6d911b4743183bf537991,False,03_Lai_ltn_news,2023-05-20 10:51:47,"我很榮幸能夠擔任中華民國總統,和兩千三百萬臺灣人民,一起走過這兩千五百五十六天,我們風雨同行,一路自信堅定地走向了世界。",True,institution_only,True,gate: taiwanicity=2,True,KEEP,1.0,KEEP,1.0,True,KEEP,01_news_datasets/03_Lai_ltn_news_units.csv,1,,617,req_29dbf48268cd45e1a5b3c32f50e7ca58,merged_deduped.csv,merged_deduped.csv,L1-07,自我敘事與情感抒發，非政策/道德,,L2-01|L2-03|L2-06|L2-07,中華民國總統→L2-01；走向了世界→L2-03；榮幸擔任總統、與人民風雨同行→L2-06；一起走過→L2-07,,L1-07,L2-01|L2-03|L2-06|L2-07,L1-07,L2-01|L2-06|L2-07,L1-07,L2-01|L2-06|L2-07,0.75
_59b43711b5b5,_59b43711b5b5_u000,蔡英文總統今日偕同巴拉圭共和國總統阿布鐸視導花蓮空軍基地。,context,,〔記者蘇永耀/台北報導〕蔡英文總統今日偕同巴拉圭共和國總統阿布鐸視導花蓮空軍基地。,[],[],False,,9ff6050e9665166a9e52e7b5f8239631,False,02_Ke_ltn_news,2023-02-17 15:31:59,蔡英文總統今日偕同巴拉圭共和國總統阿布鐸視導花蓮空軍基地。,True,institution_only,True,gate: core_election,False,REVIEW,0.3456010818481445,,,True,KEEP,01_news_datasets/02_Ke_ltn_news_units.csv,1,,14075,req_362d78aa977541248a6e56739ecbb606,merged_deduped.csv,merged_deduped.csv,L1-03,軍事基地視導屬安全與國防，非單純行政,,L2-01|L2-03,以總統身分與他國元首共同視導軍事基地→主權行為展演→L2-01；外交互動隱含國際承認→L2-03,,L1-03,L2-01,L1-03,L2-01,L1-03,L2-01,1.0
_08e54e529541,_08e54e529541_u000,"賴清德勝選3大意義 蔡英文8年執政破解8年魔咒 2024/1/13 20:53 (1/18 09:50 更新) (中央社記者溫貴香、葉素萍台北13日電)2024總統大選結果出爐,民進黨正副總統候選人賴清德與蕭美琴當選新任正副總統。",context,,黨政高層分析選舉結果3大意義分別是中國介選失敗、國民黨兩岸政策不為國人接受、總統蔡英文八年執政成果讓八年魔咒失靈。,"[{""name"": ""賴清德"", ""party"": ""DPP""}, {""name"": ""蕭美琴"", ""party"": ""DPP""}, {""name"": ""民進黨"", ""party"": ""DPP""}]",[],False,,aeeab7f6c8b2487601fa01eb04fe9446,False,02_Ke_chinatimes_news,2024-01-13 20:53:00,"賴清德勝選3大意義 蔡英文8年執政破解8年魔咒 2024/1/13 20:53 (1/18 09:50 更新) (中央社記者溫貴香、葉素萍台北13日電)2024總統大選結果出爐,民進黨正副總統候選人賴清德與蕭美琴當選新任正副總統。",True,cooccur: actor×institution,True,gate: actor×inst,False,KEEP,0.5683854818344116,,,True,KEEP,01_news_datasets/02_Ke_chinatimes_news_units.csv,1,,15381,req_89344efae64b48389273065c0e3700bd,merged_deduped.csv,merged_deduped.csv,L1-06,選舉結果與執政評價，屬政府管理非安全,,L2-05|L2-06,「中國介選失敗」語境暗示外部威脅→L2-05；「執政成果」「破解魔咒」帶成就與自豪→L2-06,,L1-06,L2-06|L2-07,L1-06,L2-06,L1-06,L2-06|L2-07,0.5
_b7b885a72bb9,_b7b885a72bb9_u007,"其中主要分為兩個階段,第1階段為第16任正、副總統暨第11屆區域暨原住民立法委員提名造勢活動,第2階段為黨務報告與輔選工作等議程。",context,"國民黨說,此次在新北市板橋第2體育場區內的新北體育館召開,傳達的就是全力支持黨籍總統參選人侯友宜的堅定態度,營造大團結氣勢,從新北出發贏回台灣。","國民黨表示,此次全代會的功能與形式都較為單純,主要就是營造團結氣勢,確認總統與立委候選人名單,整隊出發完成再次政黨輪替的使命。",[],[],True,campaigning,702e03f7dae2d17cb2f546c125792fc4,False,02_Ke_chinatimes_news,2023-07-20 15:41:00,"其中主要分為兩個階段,第1階段為第16任正、副總統暨第11屆區域暨原住民立法委員提名造勢活動,第2階段為黨務報告與輔選工作等議程。",True,institution_only,True,gate: core_election,False,REVIEW,0.3908792734146118,,,True,KEEP,01_news_datasets/02_Ke_chinatimes_news_units.csv,1,,9847,req_90ac30a2b87c4214b445be8e65461644,merged_deduped.csv,merged_deduped.csv,L1-06,"描述黨內會議與議程設計屬政府管理,非安全等",,L2-07,總統立委提名造勢→選舉動員；黨務報告與輔選工作→組織動員→L2-07,,L1-06,L2-07,L1-06,L2-07,L1-06,,0.0
_57934bacdae1,_57934bacdae1_u013,"他並強調,過去雲林站在民主第一線,「舉頭旗、戰頭陣,打死不退!」呼籲未來繼續共同守護台灣,守護台灣的主權,促進台灣民主、和平、繁榮,共同為台灣、雲林打拚。",claim,"除了談經濟發展,賴清德昨晚也到台北市出席雲林同鄉會活動,跟雲林鄉親博感情。",,[],[],False,,ff9bff174c17a1f4b05d97e205b9d977,False,03_Lai_ltn_news,2023-04-10 05:30:00,"他並強調,過去雲林站在民主第一線,「舉頭旗、戰頭陣,打死不退!」呼籲未來繼續共同守護台灣,守護台灣的主權,促進台灣民主、和平、繁榮,共同為台灣、雲林打拚。",True,institution_only,True,gate: strong_anchor,False,KEEP,0.6923694610595703,,,True,KEEP,01_news_datasets/03_Lai_ltn_news_units.csv,1,,22517,req_dc0a0e0bcbfe4ede969447a9b3970fbd,merged_deduped.csv,merged_deduped.csv,L1-03,主權與民主動員，安全化語言，排除L1-06,,L2-01|L2-04|L2-07|L2-08,民主第一線+戰鬥隱喻→L2-04；守護台灣/主權→L2-01；共同守護/打拚→L2-07；促進台灣民主→L2-08,,L1-03,L2-01|L2-07|L2-08,L1-03,L2-01|L2-04|L2-07|L2-08,L1-03,L2-01|L2-07|L2-08,0.75
_06ca350300f1,_06ca350300f1_u001,"〔即時新聞/綜合報導〕英國最後1任香港總督彭定康的《香港日記》於台灣出版,前聯電董事長曹興誠特地為此書作序,他回憶起1997年香港「回歸」中國時,雙方的發言就顯示出中英兩國文明的巨大差距,再加上這26年來中國對香港的統治,讓他不禁感嘆「這是21世紀讓人難以置信的悲劇,希望這個悲劇絕對不會發生在寶島台灣。」 曹興誠在臉書表示,在香港回歸典禮上,英國查爾斯王子(現任英國國王)於致詞中強調治理香港的「責任」即將結束,用「責任」一詞代表主權在民,政府只是公僕。",claim,,"曹興誠說,見證香港主權移交的彭定康在發言時強調「香港人將會治理香港」,江澤民也承諾香港依照《基本法》享有行政權、立法權、獨立司法權、最終審判權,香港居民同樣擁有各項權利和自由,之後將循序漸進發展出適合香港的民主制度。",[],[],False,,10dcc0c8e965a43cdfe47bba41e8531f,False,03_Lai_ltn_news,2023-03-26 13:46:06,"(資料照) 2023/03/26 13:46 〔即時新聞/綜合報導〕英國最後1任香港總督彭定康的《香港日記》於台灣出版,前聯電董事長曹興誠特地為此書作序,他回憶起1997年香港「回歸」中國時,雙方的發言就顯示出中英兩國文明的巨大差距,再加上這26年來中國對香港的統治,讓他不禁感嘆「這是21世紀讓人難以置信的悲劇,希望這個悲劇絕對不會發生在寶島台灣。」 曹興誠在臉書表示,在香港回歸典禮上,英國查爾斯王子(現任英國國王)於致詞中強調治理香港的「責任」即將結束,用「責任」一詞代表主權在民,政府只是公僕。",True,institution_only,True,gate: 2 inst terms,False,KEEP,0.5903433561325073,,,True,KEEP,01_news_datasets/03_Lai_ltn_news_units.csv,1,,1477,req_26cc7d394be94d0a8177486dc83f6590,merged_deduped.csv,merged_deduped.csv,L1-03,以香港悲劇警示台灣主權與安全威脅，排除L1-06,,L2-02|L2-05|L2-08,香港悲劇不要發生在台灣→威脅投射L2-05；英中文明巨大差距→差異化L2-02；主權在民→民主價值L2-08,,L1-03,L2-02|L2-05,L1-03,L2-02|L2-05|L2-08,L1-03,L2-02|L2-05|L2-08,0.6666666666666666
_581404d41375,_581404d41375_u023,"再來,藍綠都說要拚經濟,也說要提升產業,但這8年為什麼台灣的經濟卻未見改善?",claim,"入境工作的幹部,政府都有嚴格管制,不應該誤導民眾,有工作權就有投票權!","我第一個提出「碳稅條例草案」、要求政府建立「十年碳定價路徑圖」、以及接軌國際最低稅負制,就是為了要打造台灣成為「亞洲科技中心」,如同荷蘭在歐洲的地位一樣。",[],[],False,,2a442820b4d927ea1a260ff2319040d7,False,02_Ke_chinatimes_news,2024-01-01 14:42:00,"再來,藍綠都說要拚經濟,也說要提升產業,但這8年為什麼台灣的經濟卻未見改善?",True,institution_only,False,,False,REVIEW,0.3980324864387512,,,True,REVIEW,01_news_datasets/02_Ke_chinatimes_news_units.csv,1,,3764,req_7fcb28ba781f4793b107a21afac1804a,merged_deduped.csv,merged_deduped.csv,L1-01,主題是經濟表現質疑，排除施政管理,,L2-06|L2-07,批評8年經濟未改善、隱含台灣應更好→L2-06；質疑執政成效、為後文改革鋪陳→隱性動員→L2-07,,L1-01,L2-06,L1-01,L2-06,L1-01,L2-06,1.0
_46c0bd0f5284,_46c0bd0f5284_u008,"1972年,辜寬敏受邀回台,與時任行政院副院長蔣經國見面。",context,"辜寬敏與黨外運動人士在日本成立台獨聯盟,大力資助台獨運動。","辜寬敏回日本後,向台獨聯盟成員說明回台灣見蔣經國,但不被接受,認為這是「投誠」,後來還遭台獨聯盟日本本部除名。",[],[],False,,cbc097ce857f9b9f65015817a5f23067,False,02_Ke_chinatimes_news,2023-02-27 11:40:00,"1972年,辜寬敏受邀回台,與時任行政院副院長蔣經國見面。",True,institution_only,True,gate: core_election,False,REVIEW,0.1960588544607162,KEEP,0.239867627620697,False,KEEP,01_news_datasets/02_Ke_chinatimes_news_units.csv,1,,17950,req_cecd4846c5a0477d87bf548f409c8f10,merged_deduped.csv,merged_deduped.csv,L1-06,單純歷史事件敘述，無政策經濟安全等框架,,L2-04,具名歷史人物+具體年份事件→L2-04,,L1-06,,L1-06,,L1-06,,1.0
萧美琴专访_02a1f8e71ede,萧美琴专访_02a1f8e71ede_u041,"范琪斐: 所以我觉得这个部分,我觉得接下来的四年应该不会有太大的意外在对中共政府,我其实很想要知道的就是民进党如何打破目前就是跟中国完全没有办法谈的这个僵局。",context,吉娃娃: 就延续蔡政府的这个立场。,"所以,如果民进党选进总统府的话,我相信在对中政策上面不会有再更大的弹性了然后怎么样解决这个问题呢,怎么样解决这个跟中国没有办法谈这个问题呢,我的解读啦 应该这样讲我自己听的感觉是说要国际上的压力一起来跟中国施压那这个国际上。","[{""name"": ""萧美琴"", ""party"": ""DPP""}]",[],False,,bb5ef88b39ef952eee5814549e052d9d,False,萧美琴专访,,"范琪斐: 所以我觉得这个部分,我觉得接下来的四年应该不会有太大的意外在对中共政府,我其实很想要知道的就是民进党如何打破目前就是跟中国完全没有办法谈的这个僵局。",True,cooccur: actor×institution,True,gate: actor×inst,False,KEEP,0.6750319,,,False,KEEP,02_conference_datasets/Interview_Xiao_units.csv,3,,16474,req_f1b49b45588c45dc8651c9fa869d96bd,merged_deduped.csv,merged_deduped.csv,L1-03,討論兩岸僵局與對中政策，屬主權安全,,L2-05,對中共政府、跟中國沒有辦法談的僵局→潛在威脅/風險框架→L2-05,,L1-03,L2-05,L1-06,L2-05,L1-06,L2-05,1.0
_15c486da051c,_15c486da051c_u002,"潘尼亞就職演說兩次提台灣 強調兄弟情誼進一步合作 賴清德出席巴拉圭總統潘尼亞就職典禮 各國政要同場 賴副總統12日至18日以特使身分率團出席友邦巴拉圭共和國新任總統潘尼亞(Santiago Peña Palacios,另譯:貝尼亞)、副總統阿里亞納(Pedro Alliana,另譯亞力安納)就職典禮,此行共計7天6夜,去程過境美國紐約,回程過境美國舊金山。",claim,賴副總統並與西班牙國王菲利佩六世、巴西總統魯拉等元首寒暄致意。,"就職典禮當地時間15日上午,在巴拉圭總統府後廣場舉行,賴副總統在現場與多位國家政要互動寒暄,包括率領美方代表團的美國內政部長哈蘭(Deb Haaland),兩人握手交談一分多鐘,哈蘭還主動邀請合照。","[{""name"": ""賴清德"", ""party"": ""DPP""}]",[],False,,184e8e9eb19c2a8b2367a9d6f16f03de,False,03_Lai_chinatimes_news,2023-08-15 23:34:00,"潘尼亞就職演說兩次提台灣 強調兄弟情誼進一步合作 賴清德出席巴拉圭總統潘尼亞就職典禮 各國政要同場 賴副總統12日至18日以特使身分率團出席友邦巴拉圭共和國新任總統潘尼亞(Santiago Peña Palacios,另譯:貝尼亞)、副總統阿里亞納(Pedro Alliana,另譯亞力安納)就職典禮,此行共計7天6夜,去程過境美國紐約,回程過境美國舊金山。",True,cooccur: actor×institution,True,gate: taiwanicity=2,True,KEEP,1.0,KEEP,1.0,True,KEEP,01_news_datasets/03_Lai_chinatimes_news_units.csv,1,,2167,req_37e0ec26a4ae4c15b8a2a2d2a672e800,merged_deduped.csv,merged_deduped.csv,L1-03,邦交國就職與外交互動，安全再生產,,L2-01|L2-03,以特使身分率團出席友邦總統就職→主權展演L2-01；外交場合出席友邦典禮→國際參與正當性L2-03,,L1-03,L2-01,L1-03,L2-01|L2-03,L1-03,L2-01,0.5
_2b723b9ceb30,_2b723b9ceb30_u001,"賴清德競選總部發言人陳世凱表示,侯趙配直接不演了,還沒當選就想先討好中國,急著把台灣帶回傾中的老路。",claim,"(11/30 19:30 更新) (中央社記者葉素萍台北28日電)國民黨總統參選人侯友宜說,面對中國大陸一定採取開放政策,包括大量開放陸客、陸生,陸生有機會也可在台灣就業。","陳世凱質疑,難道對侯趙配來說,「討好中國比顧好台灣人民重要?」 陳世凱指出,侯趙配的經濟政策是重啟服貿,勞動政策是開放中國勞工,而兩岸政策則是九二共識,若是把名字遮起來,還以為是回到了2013年的前總統馬英九時期。","[{""name"": ""賴清德"", ""party"": ""DPP""}]",[],False,,65dbd139885e5ebf0a0722b803a96b0d,False,01_Ho_chinatimes_news,2023-11-28 12:37:00,"賴清德競選總部發言人陳世凱表示,侯趙配直接不演了,還沒當選就想先討好中國,急著把台灣帶回傾中的老路。",True,cooccur: actor×institution,True,gate: actor×inst,False,KEEP,0.6318551301956177,,,False,KEEP,01_news_datasets/01_Ho_chinatimes_news_units.csv,1,,8955,req_f67e8fc63f29488ea7ac5accdafc8199,merged_deduped.csv,merged_deduped.csv,L1-06,批評親中路線屬政治立場/路線非安全威脅,,L2-02|L2-05|L2-06,傾中的老路→L2-02；把台灣帶回(負向路線)→L2-05；顧好台灣人民(應有標準)→L2-06,,L1-06,L2-05,L1-03,L2-02|L2-05,L1-06,L2-02|L2-06,0.0
_0d88639829a7,_0d88639829a7_u014,"怎麼現在會有一堆人幫中共流氓在恐嚇台灣人,說台獨就要打你,這不是高鐵位置那麼簡單,而是主權、自由、民主被威脅。",claim,"苦苓更向中共喊話,如果台灣是你的,你大可叫台灣不准選總統,直接叫台灣每一個人都用人民幣,明明就不是你的領土,你連五月天唱不唱歌都管不到,你還想管我們呢,請面對現實好不好!",,[],[],False,,7401543002fcbd71c2c7ee0d2c1dedac,False,02_Ke_ltn_news,2024-01-03 19:09:32,"怎麼現在會有一堆人幫中共流氓在恐嚇台灣人,說台獨就要打你,這不是高鐵位置那麼簡單,而是主權、自由、民主被威脅。",True,institution_only,True,gate: taiwanicity=2,True,KEEP,1.0,KEEP,1.0,True,KEEP,01_news_datasets/02_Ke_ltn_news_units.csv,1,,10192,req_f67baf429b00425cb8faf481df1d2900,merged_deduped.csv,merged_deduped.csv,L1-03,談中共恐嚇與主權自由受威脅→安全；非單純情緒,,L2-01|L2-05|L2-08,恐嚇台灣人、被威脅→L2-05；主權→L2-01；自由、民主被威脅→L2-08,,L1-03,L2-01|L2-05|L2-08,L1-03,L2-01|L2-05|L2-08,L1-03,L2-01|L2-05|L2-08,1.0
_00b71ec07695,_00b71ec07695_u005,"他說,身為總統領導國家,將很樂意跟在野黨領袖見面共商國是、解決台灣面臨的問題、攜手合作推動國家進步,未來也將依據憲政體制籌組民主大聯盟,用人唯才、不分黨派,讓優秀好人才加入政府,為國家貢獻力量。",claim,"至於未來是否與在野黨領袖會面,賴清德回應媒體提問時表示,大家必須放下選舉中的爭議與衝突,台灣已經成功走出第一步,這場選舉由大家共同完成民主歷史新頁,也向國際傳達台灣對民主體制的堅持。","離520交接還有4個月時間,賴清德表示,目前還是副總統身分,將繼續盡職完成副總統工作,但與此同時他也是總統當選人,未來幾個月最重要的工作是尋找人才,組成好政府來服務民眾。",[],[],False,,c3d89cf7f02a773afc0e50661544aec8,False,03_Lai_chinatimes_news,2024-01-13 21:50:00,"他說,身為總統領導國家,將很樂意跟在野黨領袖見面共商國是、解決台灣面臨的問題、攜手合作推動國家進步,未來也將依據憲政體制籌組民主大聯盟,用人唯才、不分黨派,讓優秀好人才加入政府,為國家貢獻力量。",True,institution_only,True,gate: taiwanicity=2,True,KEEP,1.0,KEEP,1.0,True,KEEP,01_news_datasets/03_Lai_chinatimes_news_units.csv,1,,17218,req_90d9f2241ff84739a4ad4c8fb07e88fe,merged_deduped.csv,merged_deduped.csv,L1-06,談憲政體制與組閣用人，屬治理管理，非經濟等,,L2-01|L2-07|L2-08,身為總統領導國家→L2-01；籌組民主大聯盟、民主體制→L2-08；攜手合作推動國家進步、為國家貢獻力量→L2-07,,L1-06,L2-01|L2-06|L2-07|L2-08,L1-06,L2-01|L2-07|L2-08,L1-06,L2-01|L2-06|L2-07|L2-08,0.75
_1a86b91d70e8,_1a86b91d70e8_u011,"他指出,除了對人權的蔑視,反間諜法也藉由破壞國際商業監管機制,為中國不公平競爭優勢。",claim,"任何相關資訊、通訊、資料、紀錄,中國政府可以輕易以反間諜法,要求軟體服務商交出個資,並要求前期監管,進行篩選、排查,這樣的行動嚴重侵犯各國主權,包含世界各地公民的人權,其背後就有這樣「法律基礎」。","何澄輝說,反間諜法遠遠超出國家對間諜行為的反制或異議者的迫害,包括經濟利益,人身安全,範圍無遠弗屆。",[],[],False,,6ffb06867c3237aaaa5d537eb8b6f324,False,02_Ke_ltn_news,2023-06-30 18:03:25,"他指出,除了對人權的蔑視,反間諜法也藉由破壞國際商業監管機制,為中國不公平競爭優勢。",True,institution_only,True,gate: 2 inst terms,False,REVIEW,0.2659691274166107,,,False,KEEP,01_news_datasets/02_Ke_ltn_news_units.csv,1,,9828,req_c83d6c8500274773a13e5be289160603,merged_deduped.csv,merged_deduped.csv,L1-05,批評中國不公平競爭結構性不公，非單純經濟表現,,L2-03|L2-08,中國蔑視人權→L2-08；破壞國際商業監管機制→L2-03,,L1-01,L2-03|L2-06,L1-01,L2-02|L2-03|L2-08,L1-01,L2-02,0.0
_22bae0f8a1ca,_22bae0f8a1ca_u008,"加速金融科技創新,強化有利產業發展的金融環境,並擴大普惠金融,全方位針對所有階層和群體的金融需求,擴大民眾投資資本市場多元的理財機會。",context,"賴清德表示,未來將善用國內資金並改善投資環境,引導國內外資金投入策略性產業、重大基礎及社會安全體系,如長照、社宅等;","在打造創新創業雨林生態系部分,賴清德主張針對高中低風險的投資機會,擬定不同投資策略和能量布建,目標5年內創造2萬個新創就業,新創投資金額每年達1500億元,10年內讓台灣成為創新解決方案的淨輸出國,具體作法包含落實法規調適、擴大國際新創聚落、提供年輕創業人才海外創新實習機會、吸引國際行銷人才加入台灣新創團隊等。",[],[],False,,76a4e143047a5392d23f86775bde1421,False,01_Ho_ltn_news,2023/10/3 11:58,"加速金融科技創新,強化有利產業發展的金融環境,並擴大普惠金融,全方位針對所有階層和群體的金融需求,擴大民眾投資資本市場多元的理財機會。",True,institution_only,False,,False,DROP,-0.019535391,REVIEW,0.068632662,False,REVIEW,01_news_datasets/01_Ho_ltn_news_units.csv,1,,10430,req_39078cf6799f4e1986b9e7170706b906,merged_deduped.csv,merged_deduped.csv,L1-01,經濟與金融發展措施，非治理績效,,L2-07,經濟金融政策願景、擴大機會→隱含共同發展動員→L2-07；無主權/威脅/民主等其他訊號,,L1-01,L2-07,L1-01,L2-07,L1-01,L2-07,1.0
_d840cc9a8804,_d840cc9a8804_u002,"民進黨在高雄市開出亮眼成績,身兼賴清德高雄市競選總部主委的陳其邁今天在競選總部致詞表示,恭喜台灣人民,一起用選票讓台灣民主進程再往前走,共同寫下歷史一頁。",claim,"高雄市長陳其邁表示,將和8席立委持續為高雄打拚,讓高雄能成為世界的高雄。","陳其邁也感謝市民支持,讓民進黨的高雄8席立委全部過關,未來他會和8席的民進黨立委會更謙虛的傾聽民意,讓高雄能夠成為世界的高雄。","[{""name"": ""賴清德"", ""party"": ""DPP""}, {""name"": ""民進黨"", ""party"": ""DPP""}]",[],False,,6221b57f00950547f2024c27b6f6ceee,False,03_Lai_chinatimes_news,2024-01-13 21:26:00,"民進黨在高雄市開出亮眼成績,身兼賴清德高雄市競選總部主委的陳其邁今天在競選總部致詞表示,恭喜台灣人民,一起用選票讓台灣民主進程再往前走,共同寫下歷史一頁。",True,cooccur: actor×institution,True,gate: actor×inst,False,KEEP,0.6219611167907715,,,False,KEEP,01_news_datasets/03_Lai_chinatimes_news_units.csv,1,,8631,req_342939bbf8f1400fb1c82f7a199ed201,merged_deduped.csv,merged_deduped.csv,L1-07,選舉勝利與民主進程情緒抒發，非政策,,L2-04|L2-07|L2-08,用選票→L2-07；台灣民主進程→L2-08；共同寫下歷史一頁→L2-04,,L1-07,L2-07|L2-08,L1-07,L2-04|L2-07|L2-08,L1-07,L2-07|L2-08,0.6666666666666666
_74226ec1f7ff,_74226ec1f7ff_u002,"柯文哲曾說賴清德板凳坐1/3、很拘謹,賴清德說,板凳坐1/3的人,在歷史上曾聽過的人就是前總統李登輝在面對前總統蔣經國時,「我不是李登輝總統,現在是民主時代,柯文哲主席也不是蔣經國。他也不必以蔣經國自居」。",claim,"民進黨總統參選人賴清德今天說,他未曾登門拜訪柯文哲,不妨請柯文哲說明時間、地點。","媒體詢問,柯文哲曾提到,2018年時任行政院長賴清德曾親自上門拜訪他,拜託他支持深澳電廠,因為台灣缺電,結果過幾天,賴清德卻在立法院表示,北台灣電力夠用,不蓋深澳電廠。","[{""name"": ""賴清德"", ""party"": ""DPP""}, {""name"": ""柯文哲"", ""party"": ""TPP""}]",[],False,,a069f978234e9acba89b21b743356b4f,False,02_Ke_chinatimes_news,2023-10-19 14:06:00,"柯文哲曾說賴清德板凳坐1/3、很拘謹,賴清德說,板凳坐1/3的人,在歷史上曾聽過的人就是前總統李登輝在面對前總統蔣經國時,「我不是李登輝總統,現在是民主時代,柯文哲主席也不是蔣經國。他也不必以蔣經國自居」。",True,cooccur: actor×institution,True,gate: actor×inst,False,KEEP,0.5278922319412231,,,True,KEEP,01_news_datasets/02_Ke_chinatimes_news_units.csv,1,,14107,req_005b22922af44e8b9f6780d5192d0d41,merged_deduped.csv,merged_deduped.csv,L1-07,歷史人物比擬帶情緒嘲諷，屬情感表達非政策,,L2-04,李登輝、蔣經國歷史角色對比+民主時代對照→L2-04,,L1-07,L2-04,L1-07,L2-04|L2-08,L1-02,L2-04,0.5
_5ecc4b7066c2,_5ecc4b7066c2_u002,"(圖/陳昫蓁攝) 更多新聞:昔邀韓國瑜接市政顧問 柯文哲:若來副總統搭檔就他 更多新聞:新竹造勢8千人 柯文哲喊有天改變中國:不信沒民主自由 2024總統大選 TVBS報票員招募中 新北耶誕城「桑塔熊回歸」必看光雕秀 活動時間、交通攻略 新北耶誕城「桑塔熊回歸」必看光雕秀 活動時間、交通攻略 快來下載TVBS新聞APP,天天打卡抽咖啡 iPhone 15免費抽!",context,高雄岡山「三粉大造勢」於今晚登場。,,"[{""name"": ""柯文哲"", ""party"": ""TPP""}]",[],True,campaigning,cc19daf846497a1374b6b6c0cfb96881,False,02_Ke_tvbs_news,2023-12-23 21:49:00,"(圖/陳昫蓁攝) 更多新聞:昔邀韓國瑜接市政顧問 柯文哲:若來副總統搭檔就他 更多新聞:新竹造勢8千人 柯文哲喊有天改變中國:不信沒民主自由 2024總統大選 TVBS報票員招募中 新北耶誕城「桑塔熊回歸」必看光雕秀 活動時間、交通攻略 新北耶誕城「桑塔熊回歸」必看光雕秀 活動時間、交通攻略 快來下載TVBS新聞APP,天天打卡抽咖啡 iPhone 15免費抽!",True,cooccur: actor×institution,True,gate: actor×inst,False,KEEP,0.5287004709243774,,,True,KEEP,01_news_datasets/02_Ke_tvbs_news_units.csv,1,,17984,req_b7f2bd89038548ec9cb97191f72c6db9,merged_deduped.csv,merged_deduped.csv,L1-07,純廣告與活動宣傳，屬情緒動員,,L2-08,改變中國、不信沒民主自由→民主價值邊界→L2-08；造勢語境但無明確號召→不標L2-07,,L1-07,L2-02|L2-07|L2-08,L1-07,L2-06|L2-08,L1-07,L2-08,0.25
_20afb2de1725,_20afb2de1725_u006,"法紀錄片揭TikTok試圖影響台灣大選 分化民眾改變認同 賴清德表示,如果台灣民眾每次投票都要接受中國的指指點點,台灣民主精神將蕩然無存,也枉費前人犧牲奉獻才迎來的民主時刻,希望民眾別因外來武力干預、認知作戰等影響選擇,應根據自己的意志做決定。",claim,"針對這次大選頻傳中國介選,賴清德說,中國如往常般介入台灣選舉,使用包含武力威嚇、將選戰定位為和平跟戰爭的選擇,試圖用武力威嚇影響民眾意志、建立親中政權,在野黨還跟著起舞,種種激烈手段讓美國總統拜登,必須在與中國國家主席習近平會面時,直接提醒其應尊重台灣民眾意志。","他重申,併吞台灣是中國的國家政策,而非受他或民進黨所刺激,也不是在野黨提出其他主張,就能改變中國意圖,加上中國國家主席習近平已清楚說過一中原則就是一國兩制,台灣若在國家定位上接受一中原則的九二共識,未來中國一旦翻臉,就連國際也無法幫助台灣,一時的和緩,不能稱作真正的和平。","[{""name"": ""賴清德"", ""party"": ""DPP""}]",[],False,,34ef92c8bb283355a40fa1150827c9f1,False,01_Ho_chinatimes_news,2023-12-08 22:51:00,"法紀錄片揭TikTok試圖影響台灣大選 分化民眾改變認同 賴清德表示,如果台灣民眾每次投票都要接受中國的指指點點,台灣民主精神將蕩然無存,也枉費前人犧牲奉獻才迎來的民主時刻,希望民眾別因外來武力干預、認知作戰等影響選擇,應根據自己的意志做決定。",True,cooccur: actor×institution,True,gate: taiwanicity=2,True,KEEP,1.0,KEEP,1.0,True,KEEP,01_news_datasets/01_Ho_chinatimes_news_units.csv,1,,4682,req_79dc3c8aa1d4416ebe8d3de7763cc019,merged_deduped.csv,merged_deduped.csv,L1-03,中國介選與認知作戰威脅民主→安全；非單純政策,,L2-04|L2-05|L2-07|L2-08,中國指指點點、外來武力干預、認知作戰→L2-05；民主精神蕩然無存→L2-08；前人犧牲奉獻才迎來的民主時刻→L2-04；希望民眾別…應根據自己的意志→L2-07,,L1-03,L2-04|L2-05|L2-07|L2-08,L1-03,L2-04|L2-05|L2-07|L2-08,L1-03,L2-04|L2-05|L2-07|L2-08,1.0
_ddd7b37896f1,_ddd7b37896f1_u003,"賴清德分享過去擔任台南市長、行政院長期間,處理當時的「五缺」議題,以及近期他針對淨零轉型提出的各項政策及願景,包括推動創新經濟、發展再生能源等,讓台灣在面對氣候變遷的挑戰下,仍能順利與國際接軌。",context,"賴清德近日接受Yahoo TV「彭博士觀風向」節目專訪,談台灣如何因應氣候變遷議題。","節目中,賴清德憶起台南市長期間,開源節流、調度備援水資源,成功爭取台積電在台南設廠的過程,以及擔任行政院長,積極解決當時面臨的「五缺」議題,吸引台商回台投資。","[{""name"": ""賴清德"", ""party"": ""DPP""}]",[],False,,2c3b56219035efee22003096371cb3e0,False,03_Lai_chinatimes_news,2023-11-29 13:06:00,"賴清德分享過去擔任台南市長、行政院長期間,處理當時的「五缺」議題,以及近期他針對淨零轉型提出的各項政策及願景,包括推動創新經濟、發展再生能源等,讓台灣在面對氣候變遷的挑戰下,仍能順利與國際接軌。",True,cooccur: actor×institution,True,gate: taiwanicity=3,True,KEEP,1.0,KEEP,1.0,True,KEEP,01_news_datasets/03_Lai_chinatimes_news_units.csv,1,,3940,req_9c78fb5db10f4dedbc66669a77e00f13,merged_deduped.csv,merged_deduped.csv,L1-01,問題=經濟與產業發展，非單純施政管理,,L2-03|L2-06|L2-07,讓台灣…與國際接軌→L2-06；政策及願景→L2-07；與國際接軌(國際規範)→L2-03,,L1-01,L2-03|L2-07,L1-01,L2-03|L2-05|L2-07,L1-01,L2-03|L2-07,0.6666666666666666
_6dac1b78a4c3,_6dac1b78a4c3_u002,"賈麥岱首先以「中華民國台灣總統」稱呼蔡英文總統,他說,他要代表瓜地馬拉共和國人民和政府表達最誠摯、兄弟般的問候,幾週前蔡總統才到瓜地馬拉訪問,今天能回訪台灣國是訪問,非常榮幸,這是台瓜兩國最高層級的官式互訪,達成互惠互利的協議,充分象徵兩國友誼及合作關係成果豐碩。",claim,"〔記者陳昀/台北報導〕瓜地馬拉總統賈麥岱(Alejandro Giammattei)率團來台國是訪問,蔡總統今以隆重軍禮歡迎,賈麥岱致詞表示,瓜地馬拉對中華民國台灣無條件支持,支持台灣積極捍衛國家主權,並以主權國家參與國際社會的訴求,將繼續站在台灣這邊,作為最堅實的邦交國,敬祝台灣萬歲!","賈麥岱指出,今年台瓜兩國建立邦交關係將屆滿89年,兩國元首這樣頻密互訪,更具象徵意義,台瓜建交以來,雙方政府領導人均以和平、博愛及致力國家繁榮、人民富足為治國基礎,即使面對諸多政經挑戰及複雜國際情勢,我們都能夠克服萬難,在尋求國家發展、為民謀福的道路上持續前進。",[],[],False,,33d202294f0fe6c48b3d045e3aecfaf3,False,02_Ke_ltn_news,2023-04-25 10:59:05,"賈麥岱首先以「中華民國台灣總統」稱呼蔡英文總統,他說,他要代表瓜地馬拉共和國人民和政府表達最誠摯、兄弟般的問候,幾週前蔡總統才到瓜地馬拉訪問,今天能回訪台灣國是訪問,非常榮幸,這是台瓜兩國最高層級的官式互訪,達成互惠互利的協議,充分象徵兩國友誼及合作關係成果豐碩。",True,institution_only,True,gate: taiwanicity=2,True,KEEP,1.0,KEEP,1.0,True,KEEP,01_news_datasets/02_Ke_ltn_news_units.csv,1,,4585,req_14575cc8ad3a42d2817b068db6b119b7,merged_deduped.csv,merged_deduped.csv,L1-03,邦交國元首互訪與國是外交、安全聯盟象徵，非純政策,,L2-01|L2-03|L2-06,以「中華民國台灣總統」稱呼、兩國最高層級官式互訪→主權行為展演L2-01；國是訪問、兩國友誼合作成果→國際互動正當性L2-03；成果豐碩→成就與自豪L2-06,,L1-03,L2-01|L2-06,L1-03,L2-01|L2-06,L1-03,L2-01|L2-06,1.0
_1759222f8da1,_1759222f8da1_u015,"在交叉詰問階段,台獨、九二共識、兩岸一家親這幾個關鍵字,也成3陣營攻防焦點。",context,"侯友宜對此則表示,中國介選的假民調跟國民黨無關,不要先射箭再畫靶。","包括侯友宜嗆賴清德把九二共識污名化變成一國兩制」,賴清德則指侯友宜主張九二共識、柯文哲接受兩岸一家親,其實都是一個中國原則,3方你來我往。",[],"[""兩岸|cross-strait""]",False,,a4efd7b51b3183968adb6ab17bf1fea3,False,01_Ho_chinatimes_news,2023-12-30 19:14:00,"在交叉詰問階段,台獨、九二共識、兩岸一家親這幾個關鍵字,也成3陣營攻防焦點。",True,institution_only,True,gate: 3 inst terms,False,KEEP,0.4511982798576355,,,True,KEEP,01_news_datasets/01_Ho_chinatimes_news_units.csv,1,,14505,req_274bd3e20e254753b6b2006b40499743,merged_deduped.csv,merged_deduped.csv,L1-03,"兩岸路線攻防,主權與安全議題,非單純政策",,L2-01,台獨、九二共識、兩岸一家親→兩岸定位與主權/統一獨立爭議→L2-01,,L1-03,L2-01|L2-02,L1-03,L2-01|L2-02|L2-05,L1-06,L2-01,0.3333333333333333
_9d7866bc9a44,_9d7866bc9a44_u003,"吳回答時稱台灣可以有很多跨黨派合作,舉例包括世界50幾個國家都已經有《個資法》,民眾黨執政後將透過《個資法》接軌世界,指出目前稅率是12%,應該拉到15%,不然這3%到國外還是會被扣稅,不如投資台灣、協助產業綠能轉型等等。",claim,並各自說出兩位候選人優點?,吳欣盈辯論好幾次答非所問。,"[{""name"": ""民眾黨"", ""party"": ""TPP""}]",[],False,,97610d3151c0fa75ce11289c115f75a7,False,02_Ke_tvbs_news,2024-01-01 19:36:00,"吳回答時稱台灣可以有很多跨黨派合作,舉例包括世界50幾個國家都已經有《個資法》,民眾黨執政後將透過《個資法》接軌世界,指出目前稅率是12%,應該拉到15%,不然這3%到國外還是會被扣稅,不如投資台灣、協助產業綠能轉型等等。",True,cooccur: actor×institution,True,gate: actor×inst,False,KEEP,0.5770025849342346,,,False,KEEP,01_news_datasets/02_Ke_tvbs_news_units.csv,1,,13303,req_a01808ace87b4f35970c346be1768d63,merged_deduped.csv,merged_deduped.csv,L1-01,主題為稅率與綠能投資等經濟政策，排除施政管理,,L2-03|L2-06|L2-07,接軌世界→L2-03；投資台灣→L2-06；協助產業綠能轉型願景→L2-07,,L1-01,L2-03|L2-07,L1-01,L2-03|L2-07,L1-01,L2-03|L2-07,1.0
_12268567999c,_12268567999c_u003,(圖/翻攝自林萱瑜IG) Junior交代一事宣示主權。,context,,,[],[],False,,422efde025dde85746908a31b5794dc9,False,02_Ke_tvbs_news,2023-03-01 15:55:00,(圖/翻攝自林萱瑜IG) Junior交代一事宣示主權。,True,institution_only,True,gate: strong_anchor,False,KEEP,0.4827181994915008,,,True,KEEP,01_news_datasets/02_Ke_tvbs_news_units.csv,1,,5876,req_0073eb99705f42678fe925a015788567,merged_deduped.csv,merged_deduped.csv,L1-03,提到主權宣示，屬安全與主權,,L2-01,「宣示主權」→主權行為展演,,L1-03,L2-01,L1-03,L2-01,L1-03,L2-01,1.0
_0ecc516fd5f6,_0ecc516fd5f6_u015,"不過,賴清德提醒,如果中國是以逼台灣放棄主權作為交流的前提,那將是強人所難,希望中國能理解台灣的善意。",context,"他說,期盼中國在他當選後,可以理解到兩岸其實不必如此下去,因為台灣可以幫助中國,繁榮的台灣有助於中國的進步與穩定,只要維持對等尊嚴,台灣很樂意跟中國交流合作,增進兩岸人民的福祉。",,"[{""name"": ""賴清德"", ""party"": ""DPP""}]",[],False,,280200b5562fe1f5a3c306b51ea9269e,False,03_Lai_ltn_news,2023-09-03 06:15:46,"不過,賴清德提醒,如果中國是以逼台灣放棄主權作為交流的前提,那將是強人所難,希望中國能理解台灣的善意。",True,cooccur: actor×institution,True,gate: actor×inst,False,KEEP,0.5730447769165039,,,True,KEEP,01_news_datasets/03_Lai_ltn_news_units.csv,1,,3568,req_619adb859a3840a2b2fd3f6558113d1a,merged_deduped.csv,merged_deduped.csv,L1-03,主權被逼迫的威脅與防禦，非單純政策,,L2-01|L2-05|L2-06,放棄主權→L2-01；逼台灣放棄主權→威脅→L2-05；台灣善意→我方正面形象→L2-06,,L1-03,L2-01|L2-05,L1-03,L2-01|L2-05|L2-06,L1-03,L2-01|L2-05,0.6666666666666666
_4d01e59bf451,_4d01e59bf451_u001,"羅化平戰績顯赫,歷經抗日戰亂及國共戰爭,並擊落共軍米格機,曾受先總統蔣公召見授勳,獲頒勳章無數。",context,,"(圖/翻攝自中華民國空軍官網) 2024總統大選倒數、候選人、民調分析盡在TVBS 點我拿《花樣奶奶金難搞》免費電影票,11/3起隨時進戲院 點我拿《花樣奶奶金難搞》免費電影票,11/3起隨時進戲院 👉早上空腹喝黑咖啡的真相 👉代謝出狀況?",[],[],False,,1453dc3822c8f7f3041264e7fbc68514,False,02_Ke_tvbs_news,2023-10-23 15:22:00,"羅化平戰績顯赫,歷經抗日戰亂及國共戰爭,並擊落共軍米格機,曾受先總統蔣公召見授勳,獲頒勳章無數。",True,institution_only,True,gate: core_election,False,REVIEW,0.302812248468399,,,True,KEEP,01_news_datasets/02_Ke_tvbs_news_units.csv,1,,1799,req_dad9d8e121e9430b9a296de10392411a,merged_deduped.csv,merged_deduped.csv,L1-03,軍事戰爭與國共對抗，屬安全,,L2-04,抗日戰亂、國共戰爭、擊落共軍、蔣公授勳→歷史軍事記憶服務當下正當性→L2-04,,L1-03,L2-04,L1-07,L2-04,L1-03,L2-04|L2-06,0.5
_4f877a2b1cf9,_4f877a2b1cf9_u005,(編輯:林淑媛)1121124 圖輯/藍白合最後一會 郭柯侯不歡而散高唱無言的結局 民眾黨不分區立委黃珊珊黃國昌打頭陣 陳智菡列19名 吳欣盈歐洲議會搶發言:老遠來就要強調台灣立場 賴蕭配搶頭香登記 賴清德:讓台灣持續走入國際 不走一中老路 賴佩霞領表 郭霞配是否參選到底笑而不答 藍白合確定破局 朱立倫:備受屈辱喚不回真心 國民黨民眾黨副手出爐 賴清德競總:藍白直接變紅金 2024總統大選 賴清德侯友宜柯文哲三腳督成形 2024/01/12 23:38 2024/01/12 23:15 2024/01/12 23:04 2024/01/12 23:04 2024/01/12 22:56 2024/01/12 22:45,claim,"藍白合日前因民調爭議陷入僵局,22日競選總幹事黃珊珊先赴中選會領表,昨晚郭柯侯三方會議不歡而散後柯辦即發出採訪通知,上午11時柯文哲將偕副手赴中選會登記。",,"[{""name"": ""賴清德"", ""party"": ""DPP""}, {""name"": ""侯友宜"", ""party"": ""KMT""}, {""name"": ""柯文哲"", ""party"": ""TPP""}, {""name"": ""吳欣盈"", ""party"": ""TPP""}, {""name"": ""國民黨"", ""party"": ""KMT""}, {""name"": ""民眾黨"", ""party"": ""TPP""}]",[],False,,0bf6740cebe019b83db38a0ff45db7e1,False,02_Ke_chinatimes_news,2023-11-24 11:19:00,"(編輯:林淑媛)1121124 圖輯/藍白合最後一會 郭柯侯不歡而散高唱無言的結局 民眾黨不分區立委黃珊珊黃國昌打頭陣 陳智菡列19名 吳欣盈歐洲議會搶發言:老遠來就要強調台灣立場 賴蕭配搶頭香登記 賴清德:讓台灣持續走入國際 不走一中老路 賴佩霞領表 郭霞配是否參選到底笑而不答 藍白合確定破局 朱立倫:備受屈辱喚不回真心 國民黨民眾黨副手出爐 賴清德競總:藍白直接變紅金 2024總統大選 賴清德侯友宜柯文哲三腳督成形 2024/01/12 23:38 2024/01/12 23:15 2024/01/12 23:04 2024/01/12 23:04 2024/01/12 22:56 2024/01/12 22:45 本網站之文字、圖片及影音,非經授權,不得轉載、公開播送或公開傳輸及利用。",True,cooccur: actor×institution,True,gate: taiwanicity=2,True,KEEP,1.0,KEEP,1.0,True,KEEP,01_news_datasets/02_Ke_chinatimes_news_units.csv,1,,1062,req_c1c982cc22214b829d23723cb8978fc0,merged_deduped.csv,merged_deduped.csv,L1-07,選舉與政黨動態，無政策/道德主軸,,L2-01|L2-02,強調台灣立場→L2-01；讓台灣持續走入國際→L2-01；不走一中老路→L2-02,,L1-07,L2-01|L2-02,L1-07,L2-01|L2-02|L2-03,L1-07,L2-01|L2-02|L2-03,0.6666666666666666
_fc4684456a7b,_fc4684456a7b_u014,"民進黨立委陳亭妃也指出,中國這些動作有什麼意義?",claim,"民進黨立委許智傑表示,蕭美琴被中共制裁,代表對台灣外交貢獻真的很大,對國人來說這是一個光榮榜,中共用行動證明台美外交表現真的太好了。","過去將許多台灣政治人物列為台獨份子,又怎麼了?","[{""name"": ""民進黨"", ""party"": ""DPP""}]",[],False,,687e1aa4fa579aa0147f7c604c8ba07a,False,02_Ke_ltn_news,2023-04-07 11:08:42,"民進黨立委陳亭妃也指出,中國這些動作有什麼意義?",True,cooccur: actor×institution,True,gate: actor×inst,False,KEEP,0.6122246384620667,,,True,KEEP,01_news_datasets/02_Ke_ltn_news_units.csv,1,,9159,req_d31eb06ec0684f6bbdf428699829685b,merged_deduped.csv,merged_deduped.csv,L1-07,嘲問中國制裁意義，情緒表達非主權論述,,L2-02,質疑中國制裁意義→隱含其作為外部他者且行為無效→L2-02,,L1-03,L2-02,L1-03,L2-05,L1-03,,0.0
_420c9d37f1e6,_420c9d37f1e6_u005,"許淑華質疑,代表國民黨參選總統的新北市長侯友宜,選擇在中共戰機持續繞台的時刻,在踏在無數先烈犧牲守護的土地上,堂而皇之的喊出要興建金廈大橋,美之名為「和平」,實則是對中華民國國軍先烈的踐踏,更是無知地無視如今的全球政經局勢。",context,"許淑華指出,八二三砲戰原先該是感念先烈守護中華民國台灣的紀念日,但令人遺憾的是,意圖參選總統的鴻海創辦人郭台銘把重要日子當成選舉造勢場,拋出表面打高空,實則意在與國民黨爭政治地盤的主張,把國軍的犧牲當成自己造勢的子彈。","許淑華以中國經濟崩盤為例,指大企業的財務危機頻頻浮上檯面,中共官方在重大經濟數據上開始蓋牌,中國已從多年前大家爭相前往投資的「世界工廠」,轉變為全世界避之唯恐不及的未爆彈,侯友宜卻喊出「與中國經濟更加接軌」是愛台還是害台?","[{""name"": ""侯友宜"", ""party"": ""KMT""}, {""name"": ""國民黨"", ""party"": ""KMT""}]",[],False,,6d9e05cdc10bd271080fd18b6488a1cb,False,01_Ho_ltn_news,2023/8/23 18:46,"許淑華質疑,代表國民黨參選總統的新北市長侯友宜,選擇在中共戰機持續繞台的時刻,在踏在無數先烈犧牲守護的土地上,堂而皇之的喊出要興建金廈大橋,美之名為「和平」,實則是對中華民國國軍先烈的踐踏,更是無知地無視如今的全球政經局勢。",True,cooccur: actor×institution,True,gate: taiwanicity=2,True,KEEP,1.0,KEEP,1.0,True,KEEP,01_news_datasets/01_Ho_ltn_news_units.csv,1,,9610,req_12bd3e98074f42449e1d5f27fee92e10,merged_deduped.csv,merged_deduped.csv,L1-03,批評金廈大橋涉國安與國軍犧牲，屬安全,,L2-04|L2-05|L2-06,中共戰機持續繞台→L2-05；先烈犧牲守護土地→L2-04；踐踏先烈、無視全球政經局勢→L2-06,,L1-03,L2-04|L2-05,L1-03,L2-04|L2-05,L1-03,L2-04|L2-05|L2-06,0.6666666666666666
meeting1_bbe03aa18cdb,meeting1_bbe03aa18cdb_u002,"同时借着经过外购的机会来鼓励外国厂商在台湾生产,带动台湾的国防产业发展。",context,"取得武器画面经过与自主发展,两岸并行,延续国建国造、国际国造的政策,充实国防自主的能力。",在协助本土业者利用我们优势的制造业进军国际武器的供应链来扩展军民粮用的市场。,"[{""name"": ""赖清德"", ""party"": ""DPP""}]",[],False,,63570e05ffb2bdcb08ef4b4e73c1d342,False,meeting1,,"同时借着经过外购的机会来鼓励外国厂商在台湾生产,带动台湾的国防产业发展。",True,institution_only,False,,True,KEEP,1.0,KEEP,1.0,True,KEEP,02_conference_datasets/meeting1_units.csv,3,,8728,req_8fee83b1185a46379f6c6b941ffc3d25,merged_deduped.csv,merged_deduped.csv,L1-01,主題為國防產業與經濟發展，非安全威脅,,L2-06|L2-07,國防產業發展、帶動台灣→願景與行動→L2-07；國防產業作為集體成就目標→L2-06,,L1-01,L2-07,L1-01,L2-06|L2-07,L1-01,L2-06|L2-07,0.5
_7e9bff2de9f6,_7e9bff2de9f6_u007,"新聞稿指出,經訊問後,參加團員分別受大陸常州市武進區台辦、河北省台辦的落地招待,且行程都有國台辦陪同或統戰部人員參與,並發表「要支持能夠促進兩岸交流的政黨」、「要好好選擇有利兩岸交流的人」、「要選有利祖國之人」、「反台獨」等言論,現場團員也附和「兩岸同文同種」、「兩岸要和平交流」等語。",claim,"檢方表示,相關人員涉犯反滲透法、公職人員選舉罷免法、總統副總統選舉罷免法等,昨天指揮警調與移民署等單位,傳喚相關人員到案釐清案情。",,[],"[""兩岸|cross-strait""]",False,,2a2e32df0062bcd3e15e632050c803fb,False,02_Ke_chinatimes_news,2024-01-10 11:21:00,"新聞稿指出,經訊問後,參加團員分別受大陸常州市武進區台辦、河北省台辦的落地招待,且行程都有國台辦陪同或統戰部人員參與,並發表「要支持能夠促進兩岸交流的政黨」、「要好好選擇有利兩岸交流的人」、「要選有利祖國之人」、「反台獨」等言論,現場團員也附和「兩岸同文同種」、「兩岸要和平交流」等語。",True,institution_only,True,gate: 3 inst terms,False,KEEP,0.684441089630127,,,True,KEEP,01_news_datasets/02_Ke_chinatimes_news_units.csv,1,,3758,req_5fc547dd96b347bf888776b8d21f71da,merged_deduped.csv,merged_deduped.csv,L1-03,中國統戰介選與反台獨言論，主權安全,,L2-02|L2-05|L2-07,「選有利祖國之人」「反台獨」→L2-05；「兩岸同文同種」→L2-02；選舉動員語「要支持…政黨」「要好好選擇…的人」→L2-07,,L1-03,L2-05,L1-03,L2-02|L2-05|L2-07,L1-03,L2-02,0.0
_b7b885a72bb9,_b7b885a72bb9_u018,(編輯:林興盟)1120720 侯友宜不排斥侯習會 促賴清德說清楚贊成或反對台獨 傳柯侯郭下週見面 侯友宜:謝謝關心 柯文哲提與各黨領袖對話 朱立倫:樂意一起努力 記取823砲戰教訓 朱立倫:台海走回對抗恐成新戰場,claim,"第4是擴大國際參與,加強國防實力,維護區域和平;",,"[{""name"": ""賴清德"", ""party"": ""DPP""}, {""name"": ""侯友宜"", ""party"": ""KMT""}, {""name"": ""柯文哲"", ""party"": ""TPP""}]",[],False,,c126252bc5083e346ce208d992737981,False,02_Ke_chinatimes_news,2023-07-20 15:41:00,"(編輯:林興盟)1120720 侯友宜不排斥侯習會 促賴清德說清楚贊成或反對台獨 傳柯侯郭下週見面 侯友宜:謝謝關心 柯文哲提與各黨領袖對話 朱立倫:樂意一起努力 記取823砲戰教訓 朱立倫:台海走回對抗恐成新戰場 本網站之文字、圖片及影音,非經授權,不得轉載、公開播送或公開傳輸及利用。",True,cooccur: actor×institution,True,gate: actor×inst,False,KEEP,0.6651753187179565,,,True,KEEP,01_news_datasets/02_Ke_chinatimes_news_units.csv,1,,16982,req_cb59c9e7eb70430b81a9b93172089dca,merged_deduped.csv,merged_deduped.csv,L1-03,台海對抗成新戰場=安全威脅，非單純政策,,L2-01|L2-04|L2-05,台獨→L2-01；823砲戰教訓→L2-04；台海走回對抗恐成新戰場→L2-05,,L1-03,L2-04|L2-05,L1-03,L2-01|L2-04|L2-05,L1-03,L2-04|L2-05,0.6666666666666666
_cc6f2db928ca,_cc6f2db928ca_u002,"彭博專訪 賴清德:中國製造台海緊張 國際紅線就是台灣紅線 賴清德:沒有台獨金孫 台灣主權不屬於中華人民共和國 紐時:賴清德低調過境美國 力求展現穩健可靠形象 朝日新聞記者問到中國批評賴清德是「台獨派」,美國看法如何,韋德寧說,賴清德過去曾做出讓人認為是支持台獨的發言,但他現在已修正立場,要與過去的言論保持距離,這讓華府人士感到比較舒心。",claim,"美前國安官員:賴清德修正立場 華府舒心 2023/8/15 22:52 (8/18 07:12 更新) (中央社記者楊明珠東京15日專電)美國喬治城大學研究員、前白宮國安會官員韋德寧接受日媒專訪時表示,台灣副總統賴清德過去曾發表讓人認為是台獨支持者的言論,但他已修正立場,並與過去言論保持距離,華府人士對此感到比較舒心。","因為美國一貫的立場就是不支持台獨,認為不論哪一方(台灣或中國)都不應該片面改變現狀。","[{""name"": ""賴清德"", ""party"": ""DPP""}]",[],False,,24df832d805aa358cd353a5b9eb0e4d2,False,03_Lai_chinatimes_news,2023-08-15 22:52:00,"彭博專訪 賴清德:中國製造台海緊張 國際紅線就是台灣紅線 賴清德:沒有台獨金孫 台灣主權不屬於中華人民共和國 紐時:賴清德低調過境美國 力求展現穩健可靠形象 朝日新聞記者問到中國批評賴清德是「台獨派」,美國看法如何,韋德寧說,賴清德過去曾做出讓人認為是支持台獨的發言,但他現在已修正立場,要與過去的言論保持距離,這讓華府人士感到比較舒心。",True,cooccur: actor×institution,True,gate: taiwanicity=2,True,KEEP,1.0,KEEP,1.0,True,KEEP,01_news_datasets/03_Lai_chinatimes_news_units.csv,1,,3314,req_aaac0a6fef9b429592401f5368c76ecb,merged_deduped.csv,merged_deduped.csv,L1-03,主權與台海緊張、安全威脅，排除政策管理,,L2-01|L2-02|L2-03|L2-05,"「台灣主權不屬於中華人民共和國」→L2-01,L2-02；「中國製造台海緊張」「國際紅線就是台灣紅線」→L2-03,L2-05",,L1-03,L2-01|L2-02|L2-05,L1-03,L2-01|L2-02|L2-03|L2-05,L1-03,L2-01|L2-02|L2-05,0.75
总统辩论_e76e2f37b3f6,总统辩论_e76e2f37b3f6_u771,当时太阳花学院的结论是什么两岸协议监督条例。,context,柯文哲: 当时太阳花学院 民进党跟场外的那些学生答应的是什么 要通过两岸协议监督条例 在这个通过以后才开始规范 货贸才服贸。,果然没有多久他就赶快把那一段拿掉了陆委会里面也讲 先通过两岸协议 建筑条例然后才货贸才服贸。,[],"[""两岸|cross-strait""]",False,,7eca1dd220b3a7473dd5794b6b5e5343,False,总统辩论,,当时太阳花学院的结论是什么两岸协议监督条例。,True,institution_only,False,,False,REVIEW,0.321758986,,,True,REVIEW,02_conference_datasets/Debate_President_units.csv,3,,11140,req_89d2fc9543044dc6b11704cfaa43e896,merged_deduped.csv,merged_deduped.csv,L1-06,討論兩岸協議監督條例屬政策機制，排除安全威脅,,L2-04,提及太陽花、兩岸協議監督條例→歷史事件作為論證前提→L2-04,,L1-06,L2-04,L1-06,L2-04,L1-06,,0.0
_fa36e18dc241,_fa36e18dc241_u009,NCC:尚待委員會認定 總統選戰藍白合破局 盧秀燕:還是協助蔡壁如 2024立委選舉激戰區一次看 16政黨搶34席不分區 走出藍白合破局陰霾 侯友宜心情好高呼大家拚 姚立明:趙少康每次選舉都打戰爭牌 哪次應驗 柯指藍白談判遭設局 趙少康秀籤詩反駁指誠心盼合 侯友宜出席台南競總成立 盼支持南部「正統土雞」 彭博:台灣2024大選三足鼎立 以親美、親中劃清戰線 江啟臣拚連任 侯友宜盧秀燕推薦建設外交好人才 2025/05/24 10:37 2023/11/26 14:15 2023/11/26 11:44 2023/11/25 13:07 2023/11/24 08:31 2023/11/23 21:49,claim,"他也批評,賴清德自稱為和平締造者、和平守護者,這是天底下最大的笑話,「台獨金孫」變成「和平守護者」,這怎麼可能。",,"[{""name"": ""侯友宜"", ""party"": ""KMT""}, {""name"": ""趙少康"", ""party"": ""KMT""}]",[],False,,2f220c6092d4680eb3b65d16d8839eec,False,02_Ke_chinatimes_news,2023-11-25 13:07:00,"NCC:尚待委員會認定 總統選戰藍白合破局 盧秀燕:還是協助蔡壁如 2024立委選舉激戰區一次看 16政黨搶34席不分區 走出藍白合破局陰霾 侯友宜心情好高呼大家拚 姚立明:趙少康每次選舉都打戰爭牌 哪次應驗 柯指藍白談判遭設局 趙少康秀籤詩反駁指誠心盼合 侯友宜出席台南競總成立 盼支持南部「正統土雞」 彭博:台灣2024大選三足鼎立 以親美、親中劃清戰線 江啟臣拚連任 侯友宜盧秀燕推薦建設外交好人才 2025/05/24 10:37 2023/11/26 14:15 2023/11/26 11:44 2023/11/25 13:07 2023/11/24 08:31 2023/11/23 21:49 本網站之文字、圖片及影音,非經授權,不得轉載、公開播送或公開傳輸及利用。",True,cooccur: actor×institution,True,gate: taiwanicity=2,True,KEEP,1.0,KEEP,1.0,True,KEEP,01_news_datasets/02_Ke_chinatimes_news_units.csv,1,,4174,req_4138b604a26b402c93efa29dd4ddb80b,merged_deduped.csv,merged_deduped.csv,L1-07,選戰與政黨競合新聞，屬情緒動員,,L2-02,「以親美、親中劃清戰線」→外部他者差異邊界→L2-02；無主權宣示/威脅/動員等其他明顯訊號,,L1-07,L2-02,L1-06,L2-02,L1-06,L2-02,1.0
_e4a6abbcf570,_e4a6abbcf570_u006,"第2階段三立電視主播呂惠敏詢問,賴清德曾說要約中國國家主席習近平吃小吃,但都遭對方已讀不回,賴清德將如何避免台灣成為火藥庫,他認為對台灣主權威脅最大的是哪個國家。",claim,"侯友宜:反台獨反一國兩制 用國防實力嚇阻確保和平 柯文哲:兩岸一家親釋善意 底線保有台灣民主自由 賴清德抨擊,他聽到對手的說法,其實還蠻遺憾的,把中國挖了9個邦交國,然後不跟台灣進行談判的責任又歸給了台灣,完全不敢指控中國,對手也把民進黨守護台灣的種種必要作為,當作是在執行意識形態,其實這些只是不同程度的唱衰台灣而已,非常不應該。","賴清德表示,他會團結國人、強化國防、強化經濟,也強化民主陣營的合作,但只要能夠對等尊嚴,他也會跟中國進行交流合作,增進兩岸人民的福祉,以謀求兩岸和平的發展。","[{""name"": ""賴清德"", ""party"": ""DPP""}]",[],False,,5856a0c2e29e2f8924deb8299a38cd87,False,01_Ho_chinatimes_news,2023-12-30 15:43:00,"第2階段三立電視主播呂惠敏詢問,賴清德曾說要約中國國家主席習近平吃小吃,但都遭對方已讀不回,賴清德將如何避免台灣成為火藥庫,他認為對台灣主權威脅最大的是哪個國家。",True,cooccur: actor×institution,True,gate: actor×inst,False,KEEP,0.6149797439575195,,,True,KEEP,01_news_datasets/01_Ho_chinatimes_news_units.csv,1,,7785,req_1105893ce6a045cc9a260698e370be84,merged_deduped.csv,merged_deduped.csv,L1-03,詢問主權威脅與火藥庫風險，屬安全,,L2-01|L2-05,台灣主權→L2-01；對台灣主權威脅最大→L2-05,,L1-03,L2-01|L2-05,L1-03,L2-01|L2-05,L1-03,L2-05,0.5
